time_s,segment,body,x_m,y_m,z_m
0.000000,0,RR_2,-0.42197573,-0.29419214,0.06757547
0.020000,0,RR_2,-0.42115265,-0.29636857,0.06714544
0.040000,0,RR_2,-0.41948739,-0.30038759,0.06643872
0.060000,0,RR_2,-0.41855469,-0.30467951,0.06580202
0.080000,0,RR_2,-0.41835579,-0.30962583,0.06521286
0.100000,0,RR_2,-0.41852424,-0.31508487,0.06474386
0.120000,0,RR_2,-0.41877213,-0.32086569,0.06445581
0.140000,0,RR_2,-0.41893262,-0.32674459,0.06438336
0.160000,0,RR_2,-0.41892979,-0.33261964,0.06453332
0.180000,0,RR_2,-0.41876221,-0.33844164,0.06490232
0.200000,0,RR_2,-0.41845521,-0.34421870,0.06548727
0.220000,0,RR_2,-0.41798863,-0.34999493,0.06629315
0.240000,0,RR_2,-0.41716188,-0.35586309,0.06734528
0.260000,0,RR_2,-0.41561300,-0.36187118,0.06867918
0.280000,0,RR_2,-0.41358605,-0.36767849,0.07022783
0.300000,0,RR_2,-0.41146287,-0.37323147,0.07195425
0.320000,0,RR_2,-0.40916696,-0.37600729,0.07295054
0.340000,0,RR_2,-0.40552604,-0.37529239,0.07285403
0.360000,0,RR_2,-0.40145224,-0.37340957,0.07243656
0.380000,0,RR_2,-0.39720085,-0.37087250,0.07189722
0.400000,0,RR_2,-0.39300206,-0.36859477,0.07152002
0.420000,0,RR_2,-0.38875633,-0.36607268,0.07115932
0.440000,0,RR_2,-0.38460287,-0.36327550,0.07080548
0.460000,0,RR_2,-0.38040867,-0.36021474,0.07048615
0.480000,0,RR_2,-0.37638706,-0.35730028,0.07027974
0.500000,0,RR_2,-0.37229910,-0.35404742,0.07010538
0.520000,0,RR_2,-0.36846179,-0.35089219,0.07001747
0.540000,0,RR_2,-0.36449718,-0.34758660,0.07001732
0.560000,0,RR_2,-0.36087292,-0.34393424,0.07001738
0.580000,0,RR_2,-0.35708666,-0.34010541,0.07013012
0.600000,0,RR_2,-0.35376069,-0.33662102,0.07031315
0.620000,0,RR_2,-0.35050347,-0.33326501,0.07058632
0.640000,0,RR_2,-0.34729743,-0.32888347,0.07088467
0.660000,0,RR_2,-0.34404835,-0.32534933,0.07134095
0.680000,0,RR_2,-0.34110695,-0.32183707,0.07182957
0.700000,0,RR_2,-0.33820730,-0.31745195,0.07241005
0.720000,0,RR_2,-0.33565128,-0.31337112,0.07303360
0.740000,0,RR_2,-0.33341360,-0.30939040,0.07369290
0.760000,0,RR_2,-0.33140197,-0.30495995,0.07444703
0.780000,0,RR_2,-0.32958320,-0.30121118,0.07520183
0.800000,0,RR_2,-0.32833645,-0.29741773,0.07593411
0.820000,0,RR_2,-0.32741508,-0.29324505,0.07675136
0.840000,0,RR_2,-0.32638341,-0.29023376,0.07747971
0.860000,0,RR_2,-0.32577413,-0.28725344,0.07817439
0.880000,0,RR_2,-0.32536697,-0.28346962,0.07906511
0.900000,0,RR_2,-0.32459044,-0.28042498,0.07993381
0.920000,0,RR_2,-0.32400620,-0.27724090,0.08086108
0.940000,0,RR_2,-0.32351452,-0.27326757,0.08206473
0.960000,0,RR_2,-0.32246467,-0.27112219,0.08290254
0.980000,0,RR_2,-0.32201442,-0.26919153,0.08358947
1.000000,0,RR_2,-0.32195702,-0.26626375,0.08456346
1.020000,0,RR_2,-0.32176989,-0.26237151,0.08596975
1.040000,0,RR_2,-0.32164621,-0.25873879,0.08736867
1.060000,0,RR_2,-0.32166222,-0.25521016,0.08879495
1.080000,0,RR_2,-0.32222581,-0.25229591,0.08995285
1.100000,0,RR_2,-0.32256389,-0.24967040,0.09108179
1.120000,0,RR_2,-0.32360163,-0.24616219,0.09258951
1.140000,0,RR_2,-0.32418659,-0.24482757,0.09316426
1.160000,0,RR_2,-0.32491830,-0.24381380,0.09357141
1.180000,0,RR_2,-0.32667181,-0.24156250,0.09450022
1.200000,0,RR_2,-0.32799834,-0.23912443,0.09564842
1.220000,0,RR_2,-0.32945257,-0.23602483,0.09722975
1.240000,0,RR_2,-0.33036208,-0.23487504,0.09779969
1.260000,0,RR_2,-0.33142734,-0.23395494,0.09823017
1.280000,0,RR_2,-0.33336213,-0.23188236,0.09929745
1.300000,0,RR_2,-0.33458388,-0.23107842,0.09968056
1.320000,0,RR_2,-0.33618087,-0.22994305,0.10025529
1.340000,0,RR_2,-0.33827245,-0.22783841,0.10145999
1.360000,0,RR_2,-0.33938432,-0.22737536,0.10167871
1.380000,0,RR_2,-0.34114304,-0.22663571,0.10204259
1.400000,0,RR_2,-0.34324023,-0.22492664,0.10308622
1.420000,0,RR_2,-0.34479302,-0.22376001,0.10382064
1.440000,0,RR_2,-0.34659046,-0.22220057,0.10486071
1.460000,0,RR_2,-0.34827167,-0.22179882,0.10506325
1.480000,0,RR_2,-0.34998697,-0.22123106,0.10540067
1.500000,0,RR_2,-0.35211396,-0.21947363,0.10666865
1.520000,0,RR_2,-0.35389203,-0.21915910,0.10683772
1.540000,0,RR_2,-0.35584068,-0.21871762,0.10711094
1.560000,0,RR_2,-0.35792184,-0.21809271,0.10754149
1.580000,0,RR_2,-0.35991323,-0.21789609,0.10763254
1.600000,0,RR_2,-0.36205328,-0.21797328,0.10749541
1.620000,0,RR_2,-0.36420029,-0.21828541,0.10716444
1.640000,0,RR_2,-0.36654812,-0.21863973,0.10679472
1.660000,0,RR_2,-0.36891222,-0.21908189,0.10635383
1.680000,0,RR_2,-0.37145641,-0.21948454,0.10594457
1.700000,0,RR_2,-0.37398189,-0.21993366,0.10550041
1.720000,0,RR_2,-0.37667537,-0.22031187,0.10511518
1.740000,0,RR_2,-0.37929264,-0.22073759,0.10469610
1.760000,0,RR_2,-0.38206986,-0.22106551,0.10435924
1.780000,0,RR_2,-0.38468599,-0.22145773,0.10397615
1.800000,0,RR_2,-0.38746685,-0.22171518,0.10370669
1.820000,0,RR_2,-0.39003241,-0.22206119,0.10337099
1.840000,0,RR_2,-0.39279240,-0.22224283,0.10317349
1.860000,0,RR_2,-0.39530095,-0.22254747,0.10288081
1.880000,0,RR_2,-0.39805013,-0.22265734,0.10275143
1.900000,0,RR_2,-0.40051699,-0.22292943,0.10249355
1.920000,0,RR_2,-0.40322340,-0.22298391,0.10241896
1.940000,0,RR_2,-0.40581194,-0.22363047,0.10185439
1.960000,0,RR_2,-0.40872580,-0.22368178,0.10178818
1.980000,0,RR_2,-0.41119128,-0.22479086,0.10085510
2.000000,0,RR_2,-0.41401675,-0.22463410,0.10096824
2.020000,0,RR_2,-0.41659051,-0.22527146,0.10043635
2.040000,0,RR_2,-0.42008084,-0.22689117,0.09912539
2.060000,0,RR_2,-0.42292127,-0.22774272,0.09845254
2.080000,0,RR_2,-0.42531767,-0.22857909,0.09780530
2.100000,0,RR_2,-0.42886373,-0.23018022,0.09659739
2.120000,0,RR_2,-0.43205991,-0.23091865,0.09606648
2.140000,0,RR_2,-0.43492979,-0.23173454,0.09549172
2.160000,0,RR_2,-0.43837816,-0.23353682,0.09423556
2.180000,0,RR_2,-0.44140682,-0.23415262,0.09385021
2.200000,0,RR_2,-0.44420150,-0.23486306,0.09340948
2.220000,0,RR_2,-0.44755271,-0.23664349,0.09227470
2.240000,0,RR_2,-0.45079845,-0.23809388,0.09140567
2.260000,0,RR_2,-0.45407948,-0.23977622,0.09043160
2.280000,0,RR_2,-0.45738909,-0.24127306,0.08962295
2.300000,0,RR_2,-0.46082124,-0.24319720,0.08860934
2.320000,0,RR_2,-0.46391669,-0.24416441,0.08819290
2.340000,0,RR_2,-0.46707126,-0.24526052,0.08773382
2.360000,0,RR_2,-0.47060019,-0.24750064,0.08670069
2.380000,0,RR_2,-0.47364825,-0.24867953,0.08627094
2.400000,0,RR_2,-0.47682121,-0.24973850,0.08594629
2.420000,0,RR_2,-0.48044276,-0.25198159,0.08509769
2.440000,0,RR_2,-0.48378867,-0.25377163,0.08451979
2.460000,0,RR_2,-0.48721910,-0.25562546,0.08397888
2.480000,0,RR_2,-0.49083138,-0.25775033,0.08339988
2.500000,0,RR_2,-0.49430835,-0.25963426,0.08298167
2.520000,0,RR_2,-0.49771768,-0.26189417,0.08246815
2.540000,0,RR_2,-0.50080180,-0.26399836,0.08204752
2.560000,0,RR_2,-0.50362706,-0.26658040,0.08148361
2.580000,0,RR_2,-0.50616676,-0.26889646,0.08104669
2.600000,0,RR_2,-0.50861388,-0.27158320,0.08054110
2.620000,0,RR_2,-0.51096225,-0.27397135,0.08018495
2.640000,0,RR_2,-0.51335609,-0.27669302,0.07980681
2.660000,0,RR_2,-0.51570284,-0.27905092,0.07959046
2.680000,0,RR_2,-0.51812428,-0.28177863,0.07936114
2.700000,0,RR_2,-0.52052593,-0.28417504,0.07927707
2.720000,0,RR_2,-0.52300882,-0.28693888,0.07919924
2.740000,0,RR_2,-0.52546418,-0.28936556,0.07925522
2.760000,0,RR_2,-0.52798957,-0.29215953,0.07933271
2.780000,0,RR_2,-0.53048551,-0.29463121,0.07952996
2.800000,0,RR_2,-0.53304601,-0.29745921,0.07976733
2.820000,0,RR_2,-0.53557450,-0.29996809,0.08011277
2.840000,0,RR_2,-0.53816628,-0.30283272,0.08051611
2.860000,0,RR_2,-0.54072440,-0.30537274,0.08101703
2.880000,0,RR_2,-0.54307723,-0.30848292,0.08150968
2.900000,0,RR_2,-0.54468036,-0.31161621,0.08187651
2.920000,0,RR_2,-0.54573154,-0.31503189,0.08216099
2.940000,0,RR_2,-0.54647213,-0.31809488,0.08242774
2.960000,0,RR_2,-0.54712164,-0.32127580,0.08273891
2.980000,0,RR_2,-0.54763103,-0.32417101,0.08305859
3.000000,0,RR_2,-0.54804343,-0.32722893,0.08341994
3.020000,0,RR_2,-0.54828584,-0.33005586,0.08376681
3.040000,0,RR_2,-0.54839885,-0.33304906,0.08414666
3.060000,0,RR_2,-0.54832816,-0.33582821,0.08449546
3.080000,0,RR_2,-0.54811311,-0.33877102,0.08487412
3.100000,0,RR_2,-0.54770756,-0.34149957,0.08520722
3.120000,0,RR_2,-0.54714704,-0.34437984,0.08556718
3.140000,0,RR_2,-0.54639333,-0.34705794,0.08587156
3.160000,0,RR_2,-0.54547310,-0.34985310,0.08619442
3.180000,0,RR_2,-0.54435980,-0.35247600,0.08645913
3.200000,0,RR_2,-0.54306805,-0.35517213,0.08672914
3.220000,0,RR_2,-0.54158533,-0.35772398,0.08694209
3.240000,0,RR_2,-0.53991717,-0.36030400,0.08714678
3.260000,0,RR_2,-0.53805947,-0.36276487,0.08729763
3.280000,0,RR_2,-0.53601635,-0.36521727,0.08742969
3.300000,0,RR_2,-0.53380835,-0.36755031,0.08751252
3.320000,0,RR_2,-0.53144610,-0.36983207,0.08757229
3.340000,0,RR_2,-0.52894247,-0.37199822,0.08758879
3.360000,0,RR_2,-0.52629066,-0.37409341,0.08757586
3.380000,0,RR_2,-0.52349043,-0.37603509,0.08749996
3.400000,0,RR_2,-0.52045822,-0.37761620,0.08724768
3.420000,0,RR_2,-0.51708764,-0.37884119,0.08678687
3.440000,0,RR_2,-0.51339340,-0.37979117,0.08616041
3.460000,0,RR_2,-0.50947773,-0.38054883,0.08543818
3.480000,0,RR_2,-0.50542349,-0.38121453,0.08469097
3.500000,0,RR_2,-0.50128931,-0.38184991,0.08396377
3.520000,0,RR_2,-0.49711713,-0.38247830,0.08327848
3.540000,0,RR_2,-0.49292260,-0.38310868,0.08264338
3.560000,0,RR_2,-0.48870367,-0.38373828,0.08205737
3.580000,0,RR_2,-0.48446214,-0.38434961,0.08151409
3.600000,0,RR_2,-0.48020849,-0.38492733,0.08100905
3.620000,0,RR_2,-0.47595134,-0.38546580,0.08054131
3.640000,0,RR_2,-0.47169280,-0.38596731,0.08011170
3.660000,0,RR_2,-0.46743137,-0.38643312,0.07972078
3.680000,0,RR_2,-0.46316963,-0.38686118,0.07936746
3.700000,0,RR_2,-0.45891219,-0.38724947,0.07905130
3.720000,0,RR_2,-0.45466232,-0.38759923,0.07877264
3.740000,0,RR_2,-0.45042261,-0.38791099,0.07853128
3.760000,0,RR_2,-0.44619083,-0.38817003,0.07832038
3.780000,0,RR_2,-0.44183147,-0.38757825,0.07777962
3.800000,0,RR_2,-0.43706146,-0.38661709,0.07712217
3.820000,0,RR_2,-0.43224037,-0.38531566,0.07639673
3.840000,0,RR_2,-0.42741364,-0.38386863,0.07569481
3.860000,0,RR_2,-0.42265072,-0.38227329,0.07501964
3.880000,0,RR_2,-0.41794875,-0.38054979,0.07438000
3.900000,0,RR_2,-0.41331562,-0.37869126,0.07377443
3.920000,0,RR_2,-0.40874627,-0.37669420,0.07320310
3.940000,0,RR_2,-0.40424004,-0.37456146,0.07266925
3.960000,0,RR_2,-0.39979252,-0.37228596,0.07217284
3.980000,0,RR_2,-0.39540586,-0.36987352,0.07171850
4.000000,0,RR_2,-0.39107785,-0.36731675,0.07130742
4.020000,0,RR_2,-0.38681394,-0.36462438,0.07094498
4.040000,0,RR_2,-0.38261199,-0.36178714,0.07063226
4.060000,0,RR_2,-0.37848213,-0.35882044,0.07037619
4.080000,0,RR_2,-0.37442085,-0.35570779,0.07017718
4.100000,0,RR_2,-0.37044197,-0.35247895,0.07004330
4.120000,0,RR_2,-0.36653885,-0.34910122,0.06997333
4.140000,0,RR_2,-0.36273941,-0.34564528,0.06997899
4.160000,0,RR_2,-0.35902488,-0.34202334,0.07005255
4.180000,0,RR_2,-0.35545930,-0.33840811,0.07020865
4.200000,0,RR_2,-0.35197872,-0.33453566,0.07043175
4.220000,0,RR_2,-0.34870318,-0.33090469,0.07074363
4.240000,0,RR_2,-0.34545952,-0.32703319,0.07113703
4.260000,0,RR_2,-0.34253374,-0.32312092,0.07157579
4.280000,0,RR_2,-0.33951062,-0.31905538,0.07213724
4.300000,0,RR_2,-0.33700138,-0.31517723,0.07270239
4.320000,0,RR_2,-0.33470187,-0.31137964,0.07331791
4.340000,0,RR_2,-0.33246401,-0.30705693,0.07405347
4.360000,0,RR_2,-0.33041865,-0.30324274,0.07481204
4.380000,0,RR_2,-0.32896656,-0.29930305,0.07555716
4.400000,0,RR_2,-0.32785359,-0.29524192,0.07634737
4.420000,0,RR_2,-0.32686034,-0.29164010,0.07713364
4.440000,0,RR_2,-0.32613295,-0.28779566,0.07799546
4.460000,0,RR_2,-0.32523525,-0.28508651,0.07873267
4.480000,0,RR_2,-0.32474250,-0.28235543,0.07944189
4.500000,0,RR_2,-0.32443357,-0.27874213,0.08038703
4.520000,0,RR_2,-0.32375827,-0.27550671,0.08138012
4.540000,0,RR_2,-0.32316387,-0.27200374,0.08250522
4.560000,0,RR_2,-0.32245353,-0.26863348,0.08368814
4.580000,0,RR_2,-0.32187811,-0.26491749,0.08504053
4.600000,0,RR_2,-0.32094169,-0.26272783,0.08598696
4.620000,0,RR_2,-0.32059449,-0.26062199,0.08682764
4.640000,0,RR_2,-0.32143998,-0.25749764,0.08789617
4.660000,0,RR_2,-0.32190296,-0.25407845,0.08923288
4.680000,0,RR_2,-0.32257083,-0.25099164,0.09047870
4.700000,0,RR_2,-0.32307404,-0.24809670,0.09173782
4.720000,0,RR_2,-0.32404774,-0.24550724,0.09284601
4.740000,0,RR_2,-0.32479557,-0.24304573,0.09398288
4.760000,0,RR_2,-0.32590044,-0.24073200,0.09504817
4.780000,0,RR_2,-0.32699129,-0.23838294,0.09619024
4.800000,0,RR_2,-0.32823703,-0.23722354,0.09668687
4.820000,0,RR_2,-0.32918426,-0.23627318,0.09711759
4.840000,0,RR_2,-0.33067036,-0.23396479,0.09830955
4.860000,0,RR_2,-0.33219698,-0.23321664,0.09859455
4.880000,0,RR_2,-0.33338088,-0.23271960,0.09877346
4.900000,0,RR_2,-0.33506483,-0.23076610,0.09983219
4.920000,0,RR_2,-0.33718148,-0.22866513,0.10100308
4.940000,0,RR_2,-0.33856034,-0.22670840,0.10220537
4.960000,0,RR_2,-0.33997348,-0.22516283,0.10316672
4.980000,0,RR_2,-0.34179232,-0.22348814,0.10422969
5.000000,0,RR_2,-0.34335354,-0.22334613,0.10422285
5.020000,0,RR_2,-0.34500465,-0.22308715,0.10430121
5.040000,0,RR_2,-0.34715915,-0.22149912,0.10535713
5.060000,0,RR_2,-0.34890386,-0.22127846,0.10542460
5.080000,0,RR_2,-0.35078338,-0.22087172,0.10563577
5.100000,0,RR_2,-0.35308293,-0.21927279,0.10678339
5.120000,0,RR_2,-0.35480091,-0.21907820,0.10686269
5.140000,0,RR_2,-0.35690379,-0.21860598,0.10715875
5.160000,0,RR_2,-0.35889199,-0.21813346,0.10747169
5.180000,0,RR_2,-0.36101839,-0.21798038,0.10752404
5.200000,0,RR_2,-0.36309764,-0.21817134,0.10729524
5.220000,0,RR_2,-0.36538449,-0.21845786,0.10698277
5.240000,0,RR_2,-0.36767694,-0.21887571,0.10656304
5.260000,0,RR_2,-0.37017271,-0.21926491,0.10616452
5.280000,0,RR_2,-0.37264678,-0.21971847,0.10571611
5.300000,0,RR_2,-0.37531003,-0.22010012,0.10532680
5.320000,0,RR_2,-0.37789559,-0.22053817,0.10489599
5.340000,0,RR_2,-0.38067356,-0.22087304,0.10455120
5.360000,0,RR_2,-0.38327935,-0.22128546,0.10414925
5.380000,0,RR_2,-0.38608056,-0.22155197,0.10386971
5.400000,0,RR_2,-0.38864046,-0.22192234,0.10351178
5.420000,0,RR_2,-0.39142758,-0.22210956,0.10330708
5.440000,0,RR_2,-0.39392561,-0.22243971,0.10299118
5.460000,0,RR_2,-0.39666498,-0.22255807,0.10285288
5.480000,0,RR_2,-0.39915887,-0.22283156,0.10259172
5.500000,0,RR_2,-0.40190619,-0.22290143,0.10250162
5.520000,0,RR_2,-0.40438187,-0.22318718,0.10223734
5.540000,0,RR_2,-0.40716583,-0.22359243,0.10187455
5.560000,0,RR_2,-0.40990347,-0.22426124,0.10129924
5.580000,0,RR_2,-0.41280755,-0.22484951,0.10079756
5.600000,0,RR_2,-0.41566318,-0.22599912,0.09985041
5.620000,0,RR_2,-0.41864410,-0.22603092,0.09981568
5.640000,0,RR_2,-0.42111656,-0.22687261,0.09913908
5.660000,0,RR_2,-0.42440265,-0.22849125,0.09787132
5.680000,0,RR_2,-0.42750013,-0.22910808,0.09740517
5.700000,0,RR_2,-0.43024254,-0.22993377,0.09679130
5.720000,0,RR_2,-0.43369418,-0.23167774,0.09552058
5.740000,0,RR_2,-0.43667522,-0.23236492,0.09505294
5.760000,0,RR_2,-0.43943179,-0.23308825,0.09457105
5.780000,0,RR_2,-0.44282988,-0.23484994,0.09339058
5.800000,0,RR_2,-0.44596368,-0.23598120,0.09268237
5.820000,0,RR_2,-0.44904220,-0.23725484,0.09190690
5.840000,0,RR_2,-0.45258510,-0.23945065,0.09058714
5.860000,0,RR_2,-0.45565113,-0.24016123,0.09024610
5.880000,0,RR_2,-0.45857278,-0.24084102,0.08993825
5.900000,0,RR_2,-0.46188450,-0.24273413,0.08893520
5.920000,0,RR_2,-0.46524200,-0.24473594,0.08793226
5.940000,0,RR_2,-0.46861795,-0.24647166,0.08714359
5.960000,0,RR_2,-0.47210887,-0.24832697,0.08635349
5.980000,0,RR_2,-0.47544450,-0.24987465,0.08577245
6.000000,0,RR_2,-0.47897428,-0.25178471,0.08507411
6.020000,0,RR_2,-0.48228392,-0.25322375,0.08464780
6.040000,0,RR_2,-0.48562413,-0.25490218,0.08415788
6.060000,0,RR_2,-0.48915645,-0.25697184,0.08356655
6.080000,0,RR_2,-0.49255690,-0.25871146,0.08317318
6.100000,0,RR_2,-0.49604875,-0.26088738,0.08266912
6.120000,0,RR_2,-0.49928162,-0.26280099,0.08230916
6.140000,0,RR_2,-0.50217670,-0.26520523,0.08178143
6.160000,0,RR_2,-0.50484014,-0.26765183,0.08127907
6.180000,0,RR_2,-0.50735056,-0.27023777,0.08077876
6.200000,0,RR_2,-0.50974321,-0.27270481,0.08037016
6.220000,0,RR_2,-0.51212400,-0.27532074,0.07998364
6.240000,0,RR_2,-0.51447833,-0.27778283,0.07970591
6.260000,0,RR_2,-0.51687711,-0.28041455,0.07945957
6.280000,0,RR_2,-0.51927525,-0.28288686,0.07932216
6.300000,0,RR_2,-0.52172774,-0.28554952,0.07922180
6.320000,0,RR_2,-0.52418131,-0.28805652,0.07922566
6.340000,0,RR_2,-0.52668262,-0.29075330,0.07927568
6.360000,0,RR_2,-0.52917957,-0.29329866,0.07942425
6.380000,0,RR_2,-0.53171891,-0.29603210,0.07962881
6.400000,0,RR_2,-0.53425044,-0.29861557,0.07992743
6.420000,0,RR_2,-0.53682196,-0.30138549,0.08029246
6.440000,0,RR_2,-0.53938502,-0.30400467,0.08074828
6.460000,0,RR_2,-0.54198188,-0.30679804,0.08128104
6.480000,0,RR_2,-0.54399782,-0.30993614,0.08172059
6.500000,0,RR_2,-0.54525971,-0.31328908,0.08202410
6.520000,0,RR_2,-0.54610699,-0.31650773,0.08228676
6.540000,0,RR_2,-0.54679906,-0.31965101,0.08257379
6.560000,0,RR_2,-0.54737949,-0.32265833,0.08288881
6.580000,0,RR_2,-0.54784948,-0.32565713,0.08323188
6.600000,0,RR_2,-0.54817826,-0.32857600,0.08358467
6.620000,0,RR_2,-0.54836315,-0.33150810,0.08395087
6.640000,0,RR_2,-0.54838532,-0.33437380,0.08431316
6.660000,0,RR_2,-0.54824871,-0.33725560,0.08468031
6.680000,0,RR_2,-0.54793984,-0.34007224,0.08503374
6.700000,0,RR_2,-0.54746294,-0.34290111,0.08538502
6.720000,0,RR_2,-0.54680651,-0.34565940,0.08571343
6.740000,0,RR_2,-0.54597545,-0.34841874,0.08603254
6.760000,0,RR_2,-0.54496062,-0.35110947,0.08632254
6.780000,0,RR_2,-0.54376346,-0.35378847,0.08659532
6.800000,0,RR_2,-0.54237860,-0.35639828,0.08683372
6.820000,0,RR_2,-0.54080772,-0.35897776,0.08704682
6.840000,0,RR_2,-0.53904837,-0.36148855,0.08722231
6.860000,0,RR_2,-0.53710014,-0.36395717,0.08736727
6.880000,0,RR_2,-0.53497493,-0.36634541,0.08747272
6.900000,0,RR_2,-0.53269148,-0.36865956,0.08754611
6.920000,0,RR_2,-0.53026193,-0.37088108,0.08758382
6.940000,0,RR_2,-0.52768677,-0.37301838,0.08758791
6.960000,0,RR_2,-0.52496827,-0.37505347,0.08755192
6.980000,0,RR_2,-0.52206248,-0.37681979,0.08739282
7.000000,0,RR_2,-0.51886648,-0.37822294,0.08703694
7.020000,0,RR_2,-0.51533246,-0.37931126,0.08649153
7.040000,0,RR_2,-0.51152378,-0.38016310,0.08581385
7.060000,0,RR_2,-0.50753880,-0.38087100,0.08507593
7.080000,0,RR_2,-0.50344437,-0.38152069,0.08433699
7.100000,0,RR_2,-0.49929053,-0.38215321,0.08362966
7.120000,0,RR_2,-0.49510780,-0.38278270,0.08296847
7.140000,0,RR_2,-0.49090192,-0.38341364,0.08235739
7.160000,0,RR_2,-0.48667094,-0.38403603,0.08179228
7.180000,0,RR_2,-0.48242107,-0.38463271,0.08126749
7.200000,0,RR_2,-0.47816429,-0.38519108,0.08077984
7.220000,0,RR_2,-0.47390562,-0.38571125,0.08033003
7.240000,0,RR_2,-0.46964586,-0.38619491,0.07991888
7.260000,0,RR_2,-0.46538299,-0.38664365,0.07954627
7.280000,0,RR_2,-0.46112290,-0.38705236,0.07921073
7.300000,0,RR_2,-0.45686918,-0.38742208,0.07891255
7.320000,0,RR_2,-0.45262435,-0.38775375,0.07865201
7.340000,0,RR_2,-0.44838896,-0.38804841,0.07842913
7.360000,0,RR_2,-0.44409898,-0.38790527,0.07806179
7.380000,0,RR_2,-0.43954796,-0.38715145,0.07746976
7.400000,0,RR_2,-0.43475237,-0.38601616,0.07677373
7.420000,0,RR_2,-0.42991653,-0.38464186,0.07605747
7.440000,0,RR_2,-0.42511830,-0.38311961,0.07536668
7.460000,0,RR_2,-0.42038399,-0.38146198,0.07470815
7.480000,0,RR_2,-0.41571465,-0.37967399,0.07408474
7.500000,0,RR_2,-0.41111246,-0.37774944,0.07349570
7.520000,0,RR_2,-0.40657327,-0.37568724,0.07294215
7.540000,0,RR_2,-0.40209553,-0.37348628,0.07242596
7.560000,0,RR_2,-0.39767730,-0.37114394,0.07194918
7.580000,0,RR_2,-0.39331892,-0.36866295,0.07151540
7.600000,0,RR_2,-0.38902143,-0.36604011,0.07112700
7.620000,0,RR_2,-0.38478726,-0.36327904,0.07078812
7.640000,0,RR_2,-0.38061902,-0.36037809,0.07050203
7.660000,0,RR_2,-0.37652227,-0.35734287,0.07027303
7.680000,0,RR_2,-0.37249893,-0.35417116,0.07010454
7.700000,0,RR_2,-0.36855689,-0.35087359,0.07000120
7.720000,0,RR_2,-0.36470029,-0.34745118,0.06996674
7.740000,0,RR_2,-0.36094230,-0.34392411,0.07000537
7.760000,0,RR_2,-0.35729331,-0.34028637,0.07011773
7.780000,0,RR_2,-0.35377410,-0.33657801,0.07030704
7.800000,0,RR_2,-0.35038063,-0.33276173,0.07057168
7.820000,0,RR_2,-0.34713691,-0.32893389,0.07091561
7.840000,0,RR_2,-0.34402087,-0.32494372,0.07133587
7.860000,0,RR_2,-0.34107876,-0.32111427,0.07183228
7.880000,0,RR_2,-0.33825478,-0.31692725,0.07241225
7.900000,0,RR_2,-0.33563825,-0.31331614,0.07303864
7.920000,0,RR_2,-0.33340263,-0.30968165,0.07367578
7.940000,0,RR_2,-0.33150247,-0.30519199,0.07440560
7.960000,0,RR_2,-0.32967699,-0.30158773,0.07513989
7.980000,0,RR_2,-0.32844761,-0.29807284,0.07582215
8.000000,0,RR_2,-0.32761750,-0.29390225,0.07660427
8.020000,0,RR_2,-0.32662317,-0.29065803,0.07735518
8.040000,0,RR_2,-0.32594705,-0.28741443,0.07810808
8.060000,0,RR_2,-0.32542628,-0.28342149,0.07906455
8.080000,0,RR_2,-0.32447618,-0.28076845,0.07987158
8.100000,0,RR_2,-0.32392853,-0.27819079,0.08062562
8.120000,0,RR_2,-0.32362720,-0.27471292,0.08162742
8.140000,0,RR_2,-0.32316077,-0.27050516,0.08296465
8.160000,0,RR_2,-0.32200742,-0.26834720,0.08386262
8.180000,0,RR_2,-0.32150662,-0.26648703,0.08456980
8.200000,0,RR_2,-0.32146388,-0.26364839,0.08556239
8.220000,0,RR_2,-0.32167661,-0.25980422,0.08694978
8.240000,0,RR_2,-0.32193923,-0.25625575,0.08831547
8.260000,0,RR_2,-0.32223997,-0.25276041,0.08974681
8.280000,0,RR_2,-0.32289767,-0.25017783,0.09079653
8.300000,0,RR_2,-0.32331908,-0.24792902,0.09177998
8.320000,0,RR_2,-0.32444799,-0.24469241,0.09319409
8.340000,0,RR_2,-0.32522008,-0.24350058,0.09368883
8.360000,0,RR_2,-0.32608137,-0.24260040,0.09403435
8.380000,0,RR_2,-0.32787427,-0.24041748,0.09495537
8.400000,0,RR_2,-0.32940808,-0.23756617,0.09634686
8.420000,0,RR_2,-0.33045930,-0.23623754,0.09698607
8.440000,0,RR_2,-0.33156466,-0.23515037,0.09749768
8.460000,0,RR_2,-0.33341989,-0.23292686,0.09864108
8.480000,0,RR_2,-0.33482742,-0.23131743,0.09950390
8.500000,0,RR_2,-0.33636972,-0.22935854,0.10061967
8.520000,0,RR_2,-0.33804771,-0.22779533,0.10150876
8.540000,0,RR_2,-0.33941272,-0.22608535,0.10256527
8.560000,0,RR_2,-0.34090933,-0.22473763,0.10339573
8.580000,0,RR_2,-0.34261140,-0.22324720,0.10434707
8.600000,0,RR_2,-0.34436417,-0.22278033,0.10457096
8.620000,0,RR_2,-0.34592247,-0.22220892,0.10489610
8.640000,0,RR_2,-0.34782249,-0.22035539,0.10619801
8.660000,0,RR_2,-0.34978971,-0.21990703,0.10644206
8.680000,0,RR_2,-0.35142779,-0.21957389,0.10662220
8.700000,0,RR_2,-0.35323626,-0.21834837,0.10752241
8.720000,0,RR_2,-0.35539258,-0.21846615,0.10733457
8.740000,0,RR_2,-0.35738301,-0.21851644,0.10721301
8.760000,0,RR_2,-0.35937798,-0.21815142,0.10743913
8.780000,0,RR_2,-0.36188960,-0.21803278,0.10745093
8.800000,0,RR_2,-0.36399078,-0.21838619,0.10708651
8.820000,0,RR_2,-0.36641869,-0.21864909,0.10679068
8.840000,0,RR_2,-0.36876991,-0.21909745,0.10634488
8.860000,0,RR_2,-0.37138042,-0.21946637,0.10596190
8.880000,0,RR_2,-0.37384933,-0.21994381,0.10549532
8.900000,0,RR_2,-0.37660933,-0.22028312,0.10514097
8.920000,0,RR_2,-0.37914532,-0.22074898,0.10468999
8.940000,0,RR_2,-0.38196206,-0.22103328,0.10438860
8.960000,0,RR_2,-0.38453990,-0.22145358,0.10398255
8.980000,0,RR_2,-0.38737178,-0.22168471,0.10373397
9.000000,0,RR_2,-0.38989165,-0.22206549,0.10336983
9.020000,0,RR_2,-0.39263523,-0.22222871,0.10318782
9.040000,0,RR_2,-0.39518142,-0.22252323,0.10290274
9.060000,0,RR_2,-0.39792547,-0.22265264,0.10275699
9.080000,0,RR_2,-0.40041500,-0.22291705,0.10250504
9.100000,0,RR_2,-0.40316293,-0.22297336,0.10242824
9.120000,0,RR_2,-0.40569255,-0.22360797,0.10187425
9.140000,0,RR_2,-0.40857542,-0.22363403,0.10182896
9.160000,0,RR_2,-0.41107818,-0.22474523,0.10089317
9.180000,0,RR_2,-0.41396135,-0.22460654,0.10099109
9.200000,0,RR_2,-0.41646874,-0.22529444,0.10041808
9.220000,0,RR_2,-0.41982815,-0.22692084,0.09910214
9.240000,0,RR_2,-0.42284659,-0.22766474,0.09851360
9.260000,0,RR_2,-0.42558375,-0.22849184,0.09787347
9.280000,0,RR_2,-0.42908213,-0.23022857,0.09656215
9.300000,0,RR_2,-0.43208557,-0.23094040,0.09605056
9.320000,0,RR_2,-0.43481916,-0.23169023,0.09552303
9.340000,0,RR_2,-0.43830279,-0.23341125,0.09432375
9.360000,0,RR_2,-0.44127166,-0.23408446,0.09389575
9.380000,0,RR_2,-0.44401914,-0.23478116,0.09346244
9.400000,0,RR_2,-0.44740570,-0.23653635,0.09234291
9.420000,0,RR_2,-0.45065546,-0.23805380,0.09142757
9.440000,0,RR_2,-0.45396391,-0.23976807,0.09043273
9.460000,0,RR_2,-0.45724979,-0.24118374,0.08967228
9.480000,0,RR_2,-0.46062836,-0.24298306,0.08872782
9.500000,0,RR_2,-0.46381351,-0.24421379,0.08815886
9.520000,0,RR_2,-0.46709511,-0.24569929,0.08748667
9.540000,0,RR_2,-0.47053051,-0.24766117,0.08660887
9.560000,0,RR_2,-0.47370467,-0.24899659,0.08610678
9.580000,0,RR_2,-0.47711730,-0.25058907,0.08553083
9.600000,0,RR_2,-0.48061046,-0.25250483,0.08485352
9.620000,0,RR_2,-0.48394397,-0.25416553,0.08434658
9.640000,0,RR_2,-0.48746607,-0.25616837,0.08375559
9.660000,0,RR_2,-0.49081880,-0.25773379,0.08340581
9.680000,0,RR_2,-0.49416006,-0.25964332,0.08296052
9.700000,0,RR_2,-0.49756378,-0.26177937,0.08249472
9.720000,0,RR_2,-0.50069177,-0.26399934,0.08203252
9.740000,0,RR_2,-0.50351793,-0.26643541,0.08152017
9.760000,0,RR_2,-0.50609148,-0.26888278,0.08104003
9.780000,0,RR_2,-0.50853705,-0.27145424,0.08057003
9.800000,0,RR_2,-0.51090115,-0.27394319,0.08018325
9.820000,0,RR_2,-0.51326692,-0.27653617,0.07983497
9.840000,0,RR_2,-0.51562780,-0.27902383,0.07958400
9.860000,0,RR_2,-0.51803136,-0.28163218,0.07937849
9.880000,0,RR_2,-0.52044600,-0.28413850,0.07926923
9.900000,0,RR_2,-0.52290708,-0.28678128,0.07920974
9.920000,0,RR_2,-0.52537584,-0.28932312,0.07924392
9.940000,0,RR_2,-0.52788353,-0.29200122,0.07933456
9.960000,0,RR_2,-0.53039324,-0.29458284,0.07951543
9.980000,0,RR_2,-0.53293675,-0.29729801,0.07976051
10.000000,0,RR_2,-0.53547984,-0.29991695,0.08009407
10.020000,0,RR_2,-0.53805518,-0.30266902,0.08050044
10.040000,0,RR_2,-0.54062843,-0.30531994,0.08099422
10.060000,0,RR_2,-0.54298449,-0.30830568,0.08149067
10.080000,0,RR_2,-0.54464233,-0.31152776,0.08186711
10.100000,0,RR_2,-0.54569548,-0.31485710,0.08214956
10.120000,0,RR_2,-0.54645503,-0.31801090,0.08242054
10.140000,0,RR_2,-0.54709607,-0.32111523,0.08272371
10.160000,0,RR_2,-0.54762077,-0.32409015,0.08305008
10.180000,0,RR_2,-0.54802799,-0.32707524,0.08340199
10.200000,0,RR_2,-0.54828519,-0.32997584,0.08375834
10.220000,0,RR_2,-0.54839551,-0.33290011,0.08412713
10.240000,0,RR_2,-0.54833895,-0.33574963,0.08448784
10.260000,0,RR_2,-0.54812288,-0.33862376,0.08485356
10.280000,0,RR_2,-0.54773128,-0.34142402,0.08520159
10.300000,0,RR_2,-0.54717064,-0.34424081,0.08554729
10.320000,0,RR_2,-0.54642886,-0.34698102,0.08586705
10.340000,0,RR_2,-0.54551125,-0.34972408,0.08617690
10.360000,0,RR_2,-0.54440844,-0.35239488,0.08645500
10.380000,0,RR_2,-0.54312187,-0.35505316,0.08671504
10.400000,0,RR_2,-0.54164755,-0.35763928,0.08693881
10.420000,0,RR_2,-0.53998619,-0.36019441,0.08713658
10.440000,0,RR_2,-0.53813595,-0.36267856,0.08729535
10.460000,0,RR_2,-0.53610051,-0.36511600,0.08742315
10.480000,0,RR_2,-0.53389734,-0.36746603,0.08751179
10.500000,0,RR_2,-0.53154236,-0.36973932,0.08756895
10.520000,0,RR_2,-0.52904296,-0.37191844,0.08759008
10.540000,0,RR_2,-0.52639830,-0.37400964,0.08757593
10.560000,0,RR_2,-0.52360135,-0.37595907,0.08750246
10.580000,0,RR_2,-0.52057838,-0.37755752,0.08725847
10.600000,0,RR_2,-0.51722294,-0.37879530,0.08680608
10.620000,0,RR_2,-0.51354104,-0.37975630,0.08618587
10.640000,0,RR_2,-0.50963306,-0.38052094,0.08546693
10.660000,0,RR_2,-0.50558436,-0.38118917,0.08472008
10.680000,0,RR_2,-0.50145286,-0.38182512,0.08399174
10.700000,0,RR_2,-0.49728194,-0.38245362,0.08330463
10.720000,0,RR_2,-0.49308819,-0.38308436,0.08266772
10.740000,0,RR_2,-0.48886937,-0.38371447,0.08207989
10.760000,0,RR_2,-0.48462868,-0.38432625,0.08153478
10.780000,0,RR_2,-0.48037583,-0.38490480,0.08102804
10.800000,0,RR_2,-0.47611889,-0.38544473,0.08055872
10.820000,0,RR_2,-0.47186017,-0.38594791,0.08012764
10.840000,0,RR_2,-0.46759841,-0.38641545,0.07973541
10.860000,0,RR_2,-0.46333641,-0.38684478,0.07938051
10.880000,0,RR_2,-0.45907861,-0.38723516,0.07906295
10.900000,0,RR_2,-0.45482844,-0.38758621,0.07878272
10.920000,0,RR_2,-0.45058829,-0.38789958,0.07854003
10.940000,0,RR_2,-0.44635856,-0.38817650,0.07833502
10.960000,0,RR_2,-0.44200939,-0.38760704,0.07780255
10.980000,0,RR_2,-0.43724927,-0.38666177,0.07714951
11.000000,0,RR_2,-0.43242997,-0.38536951,0.07642481
11.020000,0,RR_2,-0.42760131,-0.38392851,0.07572196
11.040000,0,RR_2,-0.42283604,-0.38233829,0.07504536
11.060000,0,RR_2,-0.41813174,-0.38061953,0.07440433
11.080000,0,RR_2,-0.41349599,-0.37876636,0.07379739
11.100000,0,RR_2,-0.40892386,-0.37677521,0.07322489
11.120000,0,RR_2,-0.40441492,-0.37464812,0.07268955
11.140000,0,RR_2,-0.39996549,-0.37237760,0.07219145
11.160000,0,RR_2,-0.39557657,-0.36997050,0.07173544
11.180000,0,RR_2,-0.39124656,-0.36741894,0.07132243
11.200000,0,RR_2,-0.38698021,-0.36473209,0.07095812
11.220000,0,RR_2,-0.38277575,-0.36190066,0.07064348
11.240000,0,RR_2,-0.37864262,-0.35893956,0.07038537
11.260000,0,RR_2,-0.37457842,-0.35583189,0.07018363
11.280000,0,RR_2,-0.37059665,-0.35260797,0.07004728
11.300000,0,RR_2,-0.36668983,-0.34923527,0.06997471
11.320000,0,RR_2,-0.36288673,-0.34578341,0.06997743
11.340000,0,RR_2,-0.35916781,-0.34216565,0.07004812
11.360000,0,RR_2,-0.35559732,-0.33855394,0.07020132
11.380000,0,RR_2,-0.35211137,-0.33468443,0.07042136
11.400000,0,RR_2,-0.34883079,-0.33105582,0.07073018
11.420000,0,RR_2,-0.34558132,-0.32718685,0.07112064
11.440000,0,RR_2,-0.34265000,-0.32327539,0.07155640
11.460000,0,RR_2,-0.33962029,-0.31921005,0.07211490
11.480000,0,RR_2,-0.33710524,-0.31533447,0.07267718
11.500000,0,RR_2,-0.33479142,-0.31154355,0.07329129
11.520000,0,RR_2,-0.33253589,-0.30721366,0.07402670
11.540000,0,RR_2,-0.33047044,-0.30340689,0.07478468
11.560000,0,RR_2,-0.32900789,-0.29948291,0.07552606
11.580000,0,RR_2,-0.32790142,-0.29536265,0.07631950
11.600000,0,RR_2,-0.32687101,-0.29189727,0.07708674
11.620000,0,RR_2,-0.32616156,-0.28827351,0.07789538
11.640000,0,RR_2,-0.32543439,-0.28492904,0.07872811
11.660000,0,RR_2,-0.32485363,-0.28126702,0.07967853
11.680000,0,RR_2,-0.32401729,-0.27860031,0.08050276
11.700000,0,RR_2,-0.32353434,-0.27583435,0.08133151
11.720000,0,RR_2,-0.32321629,-0.27219373,0.08243838
11.740000,0,RR_2,-0.32247713,-0.26928353,0.08347500
11.760000,0,RR_2,-0.32196125,-0.26622137,0.08457699
11.780000,0,RR_2,-0.32157287,-0.26239231,0.08599694
11.800000,0,RR_2,-0.32094797,-0.26012856,0.08695257
11.820000,0,RR_2,-0.32081959,-0.25816289,0.08773790
11.840000,0,RR_2,-0.32196558,-0.25517008,0.08876123
11.860000,0,RR_2,-0.32259333,-0.25181919,0.09010469
11.880000,0,RR_2,-0.32327205,-0.24882266,0.09136566
11.900000,0,RR_2,-0.32394034,-0.24600981,0.09261397
11.920000,0,RR_2,-0.32511333,-0.24346213,0.09372354
11.940000,0,RR_2,-0.32590187,-0.24101770,0.09489494
11.960000,0,RR_2,-0.32690424,-0.23891923,0.09590337
11.980000,0,RR_2,-0.32811967,-0.23680532,0.09694064
12.000000,0,RR_2,-0.32961327,-0.23517679,0.09770833
12.020000,0,RR_2,-0.33073878,-0.23349360,0.09858722
12.040000,0,RR_2,-0.33223036,-0.23104909,0.09994095
12.060000,0,RR_2,-0.33344257,-0.23048159,0.10017730
12.080000,0,RR_2,-0.33481228,-0.22999787,0.10035220
12.100000,0,RR_2,-0.33691323,-0.22822751,0.10131946
12.120000,0,RR_2,-0.33833128,-0.22766002,0.10157549
12.140000,0,RR_2,-0.34004319,-0.22674944,0.10205333
12.160000,0,RR_2,-0.34224725,-0.22479491,0.10325374
12.180000,0,RR_2,-0.34350428,-0.22442526,0.10342747
12.200000,0,RR_2,-0.34537578,-0.22374879,0.10378928
12.220000,0,RR_2,-0.34747753,-0.22211151,0.10487349
12.240000,0,RR_2,-0.34905651,-0.22181523,0.10500503
12.260000,0,RR_2,-0.35092571,-0.22132172,0.10527948
12.280000,0,RR_2,-0.35313153,-0.21970806,0.10643351
12.300000,0,RR_2,-0.35486081,-0.21946754,0.10654648
12.320000,0,RR_2,-0.35691062,-0.21900479,0.10683285
12.340000,0,RR_2,-0.35893199,-0.21839517,0.10725360
12.360000,0,RR_2,-0.36102760,-0.21812551,0.10740247
12.380000,0,RR_2,-0.36311838,-0.21822380,0.10725066
12.400000,0,RR_2,-0.36535254,-0.21848500,0.10696089
12.420000,0,RR_2,-0.36764637,-0.21886738,0.10657088
12.440000,0,RR_2,-0.37009487,-0.21926127,0.10616973
12.460000,0,RR_2,-0.37258264,-0.21969473,0.10573772
12.480000,0,RR_2,-0.37520337,-0.22009234,0.10533597
12.500000,0,RR_2,-0.37781969,-0.22051062,0.10492094
12.520000,0,RR_2,-0.38055024,-0.22087027,0.10455634
12.540000,0,RR_2,-0.38320360,-0.22125596,0.10417563
12.560000,0,RR_2,-0.38594937,-0.22155632,0.10386860
12.580000,0,RR_2,-0.38857013,-0.22189121,0.10353905
12.600000,0,RR_2,-0.39129177,-0.22212137,0.10329937
12.620000,0,RR_2,-0.39386266,-0.22240613,0.10302028
12.640000,0,RR_2,-0.39656082,-0.22257012,0.10284415
12.660000,0,RR_2,-0.39909318,-0.22281246,0.10260853
12.680000,0,RR_2,-0.40179002,-0.22291480,0.10249168
12.700000,0,RR_2,-0.40430683,-0.22312254,0.10229221
12.720000,0,RR_2,-0.40711218,-0.22369242,0.10179172
12.740000,0,RR_2,-0.40979996,-0.22391096,0.10159008
12.760000,0,RR_2,-0.41251203,-0.22477745,0.10085820
12.780000,0,RR_2,-0.41555309,-0.22519240,0.10050449
12.800000,0,RR_2,-0.41820726,-0.22643398,0.09949332
12.820000,0,RR_2,-0.42130399,-0.22678138,0.09921163
12.840000,0,RR_2,-0.42402121,-0.22801936,0.09823753
12.860000,0,RR_2,-0.42725536,-0.22901767,0.09747355
12.880000,0,RR_2,-0.43043035,-0.23084389,0.09611003
12.900000,0,RR_2,-0.43356818,-0.23106124,0.09597391
12.920000,0,RR_2,-0.43616131,-0.23184392,0.09542568
12.940000,0,RR_2,-0.43959323,-0.23340656,0.09434667
12.960000,0,RR_2,-0.44269642,-0.23483247,0.09340017
12.980000,0,RR_2,-0.44584441,-0.23630160,0.09246255
13.000000,0,RR_2,-0.44922620,-0.23779681,0.09155431
13.020000,0,RR_2,-0.45250571,-0.23937494,0.09063287
13.040000,0,RR_2,-0.45576733,-0.24073465,0.08989216
13.060000,0,RR_2,-0.45916116,-0.24254802,0.08892203
13.080000,0,RR_2,-0.46222761,-0.24346834,0.08851591
13.100000,0,RR_2,-0.46536162,-0.24459231,0.08802153
13.120000,0,RR_2,-0.46886706,-0.24684906,0.08694959
13.140000,0,RR_2,-0.47183630,-0.24777894,0.08663037
13.160000,0,RR_2,-0.47490859,-0.24854912,0.08642954
13.180000,0,RR_2,-0.47841892,-0.25063050,0.08561159
13.200000,0,RR_2,-0.48185694,-0.25282645,0.08480331
13.220000,0,RR_2,-0.48535535,-0.25474945,0.08420366
13.240000,0,RR_2,-0.48893717,-0.25671270,0.08365976
13.260000,0,RR_2,-0.49241948,-0.25862578,0.08319440
13.280000,0,RR_2,-0.49590030,-0.26067877,0.08273667
13.300000,0,RR_2,-0.49917161,-0.26277706,0.08230431
13.320000,0,RR_2,-0.50214070,-0.26519150,0.08178158
13.340000,0,RR_2,-0.50479788,-0.26756412,0.08130358
13.360000,0,RR_2,-0.50730056,-0.27017152,0.08079290
13.380000,0,RR_2,-0.50967276,-0.27260256,0.08039045
13.400000,0,RR_2,-0.51204753,-0.27525204,0.07999052
13.420000,0,RR_2,-0.51438755,-0.27767304,0.07971941
13.440000,0,RR_2,-0.51678807,-0.28034219,0.07946116
13.460000,0,RR_2,-0.51917708,-0.28277031,0.07932997
13.480000,0,RR_2,-0.52163464,-0.28547263,0.07921921
13.500000,0,RR_2,-0.52408129,-0.28793594,0.07922766
13.520000,0,RR_2,-0.52658832,-0.29067340,0.07926866
13.540000,0,RR_2,-0.52907878,-0.29317605,0.07941999
13.560000,0,RR_2,-0.53162330,-0.29594934,0.07961704
13.580000,0,RR_2,-0.53414851,-0.29849175,0.07991622
13.600000,0,RR_2,-0.53672510,-0.30130103,0.08027539
13.620000,0,RR_2,-0.53928196,-0.30387914,0.08073011
13.640000,0,RR_2,-0.54188412,-0.30671233,0.08125833
13.660000,0,RR_2,-0.54391503,-0.30979377,0.08170117
13.680000,0,RR_2,-0.54521585,-0.31317693,0.08201209
13.700000,0,RR_2,-0.54607344,-0.31636506,0.08227468
13.720000,0,RR_2,-0.54677671,-0.31954595,0.08256336
13.740000,0,RR_2,-0.54735643,-0.32252592,0.08287436
13.760000,0,RR_2,-0.54783547,-0.32555619,0.08321990
13.780000,0,RR_2,-0.54816580,-0.32844791,0.08356857
13.800000,0,RR_2,-0.54836029,-0.33140862,0.08393866
13.820000,0,RR_2,-0.54838544,-0.33424801,0.08429644
13.840000,0,RR_2,-0.54825866,-0.33715749,0.08466867
13.860000,0,RR_2,-0.54795337,-0.33994818,0.08501698
13.880000,0,RR_2,-0.54748619,-0.34280396,0.08537455
13.900000,0,RR_2,-0.54683435,-0.34553939,0.08569778
13.920000,0,RR_2,-0.54601228,-0.34832180,0.08602323
13.940000,0,RR_2,-0.54500335,-0.35099405,0.08630882
13.960000,0,RR_2,-0.54381454,-0.35369158,0.08658744
13.980000,0,RR_2,-0.54243654,-0.35628968,0.08682285
14.000000,0,RR_2,-0.54087293,-0.35888302,0.08704085
14.020000,0,RR_2,-0.53912067,-0.36138728,0.08721478
14.040000,0,RR_2,-0.53717971,-0.36386475,0.08736320
14.060000,0,RR_2,-0.53506184,-0.36625004,0.08746821
14.080000,0,RR_2,-0.53278333,-0.36857393,0.08754501
14.100000,0,RR_2,-0.53035980,-0.37079391,0.08758220
14.120000,0,RR_2,-0.52778983,-0.37293851,0.08758917
14.140000,0,RR_2,-0.52507746,-0.37497404,0.08755340
14.160000,0,RR_2,-0.52217764,-0.37675145,0.08739896
14.180000,0,RR_2,-0.51899356,-0.37816930,0.08705123
14.200000,0,RR_2,-0.51547390,-0.37926891,0.08651313
14.220000,0,RR_2,-0.51167572,-0.38013074,0.08584069
14.240000,0,RR_2,-0.50769782,-0.38084364,0.08510481
14.260000,0,RR_2,-0.50360715,-0.38149562,0.08436575
14.280000,0,RR_2,-0.49945498,-0.38212904,0.08365703
14.300000,0,RR_2,-0.49527207,-0.38275915,0.08299388
14.320000,0,RR_2,-0.49106702,-0.38338932,0.08238064
14.340000,0,RR_2,-0.48683649,-0.38401258,0.08181372
14.360000,0,RR_2,-0.48258725,-0.38461015,0.08128731
14.380000,0,RR_2,-0.47832981,-0.38517040,0.08079830
14.400000,0,RR_2,-0.47407162,-0.38569155,0.08034683
14.420000,0,RR_2,-0.46981239,-0.38617632,0.07993407
14.440000,0,RR_2,-0.46554998,-0.38662606,0.07955983
14.460000,0,RR_2,-0.46128926,-0.38703689,0.07922309
14.480000,0,RR_2,-0.45703548,-0.38740790,0.07892337
14.500000,0,RR_2,-0.45279023,-0.38774109,0.07866131
14.520000,0,RR_2,-0.44855481,-0.38803715,0.07843693
14.540000,0,RR_2,-0.44427004,-0.38792759,0.07808271
14.560000,0,RR_2,-0.43973467,-0.38718888,0.07749555
14.580000,0,RR_2,-0.43494111,-0.38606703,0.07680219
14.600000,0,RR_2,-0.43010497,-0.38469854,0.07608512
14.620000,0,RR_2,-0.42530477,-0.38318151,0.07539307
14.640000,0,RR_2,-0.42056757,-0.38152990,0.07473336
14.660000,0,RR_2,-0.41589612,-0.37974614,0.07410842
14.680000,0,RR_2,-0.41129175,-0.37782690,0.07351781
14.700000,0,RR_2,-0.40675044,-0.37577012,0.07296294
14.720000,0,RR_2,-0.40227032,-0.37357491,0.07244539
14.740000,0,RR_2,-0.39784932,-0.37123898,0.07196718
14.760000,0,RR_2,-0.39348823,-0.36876279,0.07153152
14.780000,0,RR_2,-0.38918835,-0.36614531,0.07114124
14.800000,0,RR_2,-0.38495171,-0.36338979,0.07080054
14.820000,0,RR_2,-0.38078070,-0.36049426,0.07051221
14.840000,0,RR_2,-0.37668115,-0.35746446,0.07028104
14.860000,0,RR_2,-0.37265515,-0.35429755,0.07010985
14.880000,0,RR_2,-0.36870944,-0.35100532,0.07000408
14.900000,0,RR_2,-0.36484975,-0.34758651,0.06996654
14.920000,0,RR_2,-0.36108747,-0.34406528,0.07000265
14.940000,0,RR_2,-0.35743409,-0.34042898,0.07011174
14.960000,0,RR_2,-0.35390961,-0.33672693,0.07029828
14.980000,0,RR_2,-0.35051054,-0.33290845,0.07055961
15.000000,0,RR_2,-0.34726211,-0.32909158,0.07090078
15.020000,0,RR_2,-0.34413919,-0.32508793,0.07131775
15.040000,0,RR_2,-0.34119290,-0.32128963,0.07181115
15.060000,0,RR_2,-0.33835536,-0.31717515,0.07238752
15.080000,0,RR_2,-0.33574802,-0.31343788,0.07301193
15.100000,0,RR_2,-0.33347258,-0.30959874,0.07366747
15.120000,0,RR_2,-0.33147198,-0.30518121,0.07441255
15.140000,0,RR_2,-0.32964665,-0.30151859,0.07515379
15.160000,0,RR_2,-0.32841468,-0.29784307,0.07585986
15.180000,0,RR_2,-0.32754934,-0.29354063,0.07667630
15.200000,0,RR_2,-0.32643825,-0.29086685,0.07735394
15.220000,0,RR_2,-0.32586846,-0.28843096,0.07792214
15.240000,0,RR_2,-0.32561609,-0.28508106,0.07865989
15.260000,0,RR_2,-0.32520300,-0.28081736,0.07972085
15.280000,0,RR_2,-0.32409543,-0.27828196,0.08057014
15.300000,0,RR_2,-0.32346252,-0.27597556,0.08130629
15.320000,0,RR_2,-0.32319036,-0.27273068,0.08228317
15.340000,0,RR_2,-0.32281885,-0.26859018,0.08363553
15.360000,0,RR_2,-0.32186857,-0.26552171,0.08483302
15.380000,0,RR_2,-0.32124195,-0.26249748,0.08601724
15.400000,0,RR_2,-0.32154408,-0.25869569,0.08740322
15.420000,0,RR_2,-0.32144213,-0.25638223,0.08834732
15.440000,0,RR_2,-0.32181832,-0.25409353,0.08924047
15.460000,0,RR_2,-0.32305509,-0.25099304,0.09040140
15.480000,0,RR_2,-0.32368559,-0.24837665,0.09151202
15.500000,0,RR_2,-0.32469878,-0.24529701,0.09285515
15.520000,0,RR_2,-0.32541460,-0.24412358,0.09334297
15.540000,0,RR_2,-0.32621711,-0.24318409,0.09371221
15.560000,0,RR_2,-0.32793424,-0.24094273,0.09466357
15.580000,0,RR_2,-0.32945433,-0.23803122,0.09607721
15.600000,0,RR_2,-0.33052751,-0.23639841,0.09688424
15.620000,0,RR_2,-0.33164531,-0.23494203,0.09761250
15.640000,0,RR_2,-0.33350241,-0.23248850,0.09890409
15.660000,0,RR_2,-0.33453646,-0.23186103,0.09918959
15.680000,0,RR_2,-0.33609822,-0.23108222,0.09952763
15.700000,0,RR_2,-0.33823434,-0.22925386,0.10051656
15.720000,0,RR_2,-0.33978206,-0.22699487,0.10190593
15.740000,0,RR_2,-0.34125194,-0.22573364,0.10266405
15.760000,0,RR_2,-0.34267145,-0.22456643,0.10338616
15.780000,0,RR_2,-0.34457707,-0.22239603,0.10484259
15.800000,0,RR_2,-0.34611145,-0.22187762,0.10513390
15.820000,0,RR_2,-0.34778008,-0.22135171,0.10543302
15.840000,0,RR_2,-0.34998801,-0.21967795,0.10661221
15.860000,0,RR_2,-0.35161233,-0.21946800,0.10669732
15.880000,0,RR_2,-0.35358858,-0.21900073,0.10697898
15.900000,0,RR_2,-0.35565552,-0.21817482,0.10756230
15.920000,0,RR_2,-0.35762960,-0.21770152,0.10787681
15.940000,0,RR_2,-0.35965005,-0.21763125,0.10786308
15.960000,0,RR_2,-0.36172554,-0.21784161,0.10761662
15.980000,0,RR_2,-0.36394575,-0.21817625,0.10726414
16.000000,0,RR_2,-0.36625719,-0.21859218,0.10684340
16.020000,0,RR_2,-0.36869472,-0.21901974,0.10641238
16.040000,0,RR_2,-0.37119195,-0.21946377,0.10596927
16.060000,0,RR_2,-0.37378860,-0.21988291,0.10554804
16.080000,0,RR_2,-0.37641257,-0.22030292,0.10512914
16.100000,0,RR_2,-0.37911987,-0.22068402,0.10474494
16.120000,0,RR_2,-0.38180116,-0.22106889,0.10436228
16.140000,0,RR_2,-0.38453168,-0.22139867,0.10402872
16.160000,0,RR_2,-0.38719189,-0.22173198,0.10369772
16.180000,0,RR_2,-0.38989559,-0.22199650,0.10342748
16.200000,0,RR_2,-0.39250973,-0.22227421,0.10315159
16.220000,0,RR_2,-0.39518073,-0.22247568,0.10294254
16.240000,0,RR_2,-0.39775655,-0.22270450,0.10271567
16.260000,0,RR_2,-0.40041310,-0.22284853,0.10256257
16.280000,0,RR_2,-0.40297326,-0.22303529,0.10237829
16.300000,0,RR_2,-0.40566909,-0.22330090,0.10213053
16.320000,0,RR_2,-0.40838042,-0.22401226,0.10151623
16.340000,0,RR_2,-0.41121742,-0.22416106,0.10137350
16.360000,0,RR_2,-0.41381764,-0.22520100,0.10050513
16.380000,0,RR_2,-0.41697732,-0.22540091,0.10032989
16.400000,0,RR_2,-0.41943511,-0.22663367,0.09933117
16.420000,0,RR_2,-0.42223552,-0.22743002,0.09869800
16.440000,0,RR_2,-0.42573887,-0.22885673,0.09759222
16.460000,0,RR_2,-0.42863956,-0.22940251,0.09718540
16.480000,0,RR_2,-0.43122071,-0.23005828,0.09670403
16.500000,0,RR_2,-0.43479291,-0.23163626,0.09556232
16.520000,0,RR_2,-0.43780035,-0.23278357,0.09476561
16.540000,0,RR_2,-0.44059497,-0.23392829,0.09399380
16.560000,0,RR_2,-0.44433373,-0.23581815,0.09275636
16.580000,0,RR_2,-0.44734439,-0.23669341,0.09223598
16.600000,0,RR_2,-0.44995192,-0.23746592,0.09179299
16.620000,0,RR_2,-0.45354289,-0.23905972,0.09086931
16.640000,0,RR_2,-0.45693809,-0.24109310,0.08971576
16.660000,0,RR_2,-0.46019652,-0.24244605,0.08902951
16.680000,0,RR_2,-0.46370021,-0.24434285,0.08807808
16.700000,0,RR_2,-0.46686283,-0.24558926,0.08753546
16.720000,0,RR_2,-0.47012797,-0.24695322,0.08697037
16.740000,0,RR_2,-0.47376239,-0.24926183,0.08597110
16.760000,0,RR_2,-0.47677416,-0.25024173,0.08568263
16.780000,0,RR_2,-0.47982174,-0.25105050,0.08551186
16.800000,0,RR_2,-0.48331976,-0.25314140,0.08478007
16.820000,0,RR_2,-0.48689917,-0.25549093,0.08400899
16.840000,0,RR_2,-0.49042693,-0.25737378,0.08352219
16.860000,0,RR_2,-0.49404946,-0.25958711,0.08297140
16.880000,0,RR_2,-0.49745962,-0.26146621,0.08260754
16.900000,0,RR_2,-0.50058007,-0.26385719,0.08207178
16.920000,0,RR_2,-0.50338656,-0.26621068,0.08158256
16.940000,0,RR_2,-0.50599492,-0.26884007,0.08104014
16.960000,0,RR_2,-0.50841612,-0.27124497,0.08061775
16.980000,0,RR_2,-0.51081759,-0.27393442,0.08017207
17.000000,0,RR_2,-0.51315212,-0.27632266,0.07987484
17.020000,0,RR_2,-0.51554978,-0.27903259,0.07956766
17.040000,0,RR_2,-0.51791835,-0.28141427,0.07940948
17.060000,0,RR_2,-0.52036798,-0.28415343,0.07925054
17.080000,0,RR_2,-0.52279443,-0.28656340,0.07923049
17.100000,0,RR_2,-0.52529669,-0.28933761,0.07922424
17.120000,0,RR_2,-0.52777052,-0.29178554,0.07934428
17.140000,0,RR_2,-0.53031230,-0.29459348,0.07949504
17.160000,0,RR_2,-0.53282332,-0.29708350,0.07975940
17.180000,0,RR_2,-0.53539783,-0.29992613,0.08007245
17.200000,0,RR_2,-0.53794062,-0.30245265,0.08048847
17.220000,0,RR_2,-0.54054409,-0.30532694,0.08097082
17.240000,0,RR_2,-0.54287517,-0.30808973,0.08146904
17.260000,0,RR_2,-0.54460233,-0.31149215,0.08185632
17.280000,0,RR_2,-0.54564321,-0.31464794,0.08213352
17.300000,0,RR_2,-0.54643613,-0.31797278,0.08241385
17.320000,0,RR_2,-0.54705828,-0.32092252,0.08270349
17.340000,0,RR_2,-0.54760945,-0.32404986,0.08304395
17.360000,0,RR_2,-0.54800206,-0.32689220,0.08337824
17.380000,0,RR_2,-0.54828382,-0.32993200,0.08375341
17.400000,0,RR_2,-0.54838359,-0.33272219,0.08410132
17.420000,0,RR_2,-0.54834950,-0.33570573,0.08448507
17.440000,0,RR_2,-0.54812503,-0.33844781,0.08482584
17.460000,0,RR_2,-0.54775465,-0.34137747,0.08520105
17.480000,0,RR_2,-0.54718882,-0.34407082,0.08551960
17.500000,0,RR_2,-0.54646492,-0.34692529,0.08586726
17.520000,0,RR_2,-0.54554653,-0.34956747,0.08615196
17.540000,0,RR_2,-0.54445726,-0.35232824,0.08645484
17.560000,0,RR_2,-0.54317421,-0.35491377,0.08669514
17.580000,0,RR_2,-0.54170948,-0.35756424,0.08693811
17.600000,0,RR_2,-0.54005462,-0.36007136,0.08712202
17.620000,0,RR_2,-0.53821212,-0.36259931,0.08729531
17.640000,0,RR_2,-0.53618467,-0.36500627,0.08741390
17.660000,0,RR_2,-0.53398532,-0.36738741,0.08751267
17.680000,0,RR_2,-0.53163821,-0.36964256,0.08756430
17.700000,0,RR_2,-0.52914226,-0.37184232,0.08759239
17.720000,0,RR_2,-0.52650571,-0.37392303,0.08757503
17.740000,0,RR_2,-0.52370846,-0.37587446,0.08750034
17.760000,0,RR_2,-0.52069288,-0.37749109,0.08726454
17.780000,0,RR_2,-0.51735282,-0.37874410,0.08682137
17.800000,0,RR_2,-0.51368564,-0.37971762,0.08620897
17.820000,0,RR_2,-0.50978762,-0.38049155,0.08549479
17.840000,0,RR_2,-0.50574535,-0.38116410,0.08474939
17.860000,0,RR_2,-0.50161654,-0.38180223,0.08402058
17.880000,0,RR_2,-0.49744642,-0.38243091,0.08333157
17.900000,0,RR_2,-0.49325359,-0.38306049,0.08269221
17.920000,0,RR_2,-0.48903584,-0.38369018,0.08210221
17.940000,0,RR_2,-0.48479524,-0.38430327,0.08155558
17.960000,0,RR_2,-0.48054188,-0.38488355,0.08104727
17.980000,0,RR_2,-0.47628430,-0.38542506,0.08057633
18.000000,0,RR_2,-0.47202581,-0.38592905,0.08014373
18.020000,0,RR_2,-0.46776491,-0.38639736,0.07974972
18.040000,0,RR_2,-0.46350282,-0.38682893,0.07939368
18.060000,0,RR_2,-0.45924506,-0.38722011,0.07907452
18.080000,0,RR_2,-0.45499486,-0.38757312,0.07879300
18.100000,0,RR_2,-0.45075375,-0.38788813,0.07854893
18.120000,0,RR_2,-0.44652396,-0.38816625,0.07834251
18.140000,0,RR_2,-0.44217941,-0.38763317,0.07782392
18.160000,0,RR_2,-0.43743670,-0.38670444,0.07717614
18.180000,0,RR_2,-0.43261972,-0.38542321,0.07645291
18.200000,0,RR_2,-0.42779008,-0.38398752,0.07574899
18.220000,0,RR_2,-0.42302224,-0.38240299,0.07507125
18.240000,0,RR_2,-0.41831452,-0.38069016,0.07442899
18.260000,0,RR_2,-0.41367656,-0.37884128,0.07382041
18.280000,0,RR_2,-0.40910187,-0.37685576,0.07324663
18.300000,0,RR_2,-0.40459082,-0.37473363,0.07270978
18.320000,0,RR_2,-0.40013862,-0.37246954,0.07221039
18.340000,0,RR_2,-0.39574760,-0.37006727,0.07175253
18.360000,0,RR_2,-0.39141500,-0.36752194,0.07133789
18.380000,0,RR_2,-0.38714564,-0.36484030,0.07097155
18.400000,0,RR_2,-0.38293901,-0.36201432,0.07065488
18.420000,0,RR_2,-0.37880313,-0.35905737,0.07039417
18.440000,0,RR_2,-0.37473649,-0.35595647,0.07019047
18.460000,0,RR_2,-0.37075081,-0.35273600,0.07005130
18.480000,0,RR_2,-0.36684158,-0.34937051,0.06997630
18.500000,0,RR_2,-0.36303341,-0.34591925,0.06997585
18.520000,0,RR_2,-0.35931179,-0.34231177,0.07004408
18.540000,0,RR_2,-0.35573369,-0.33869225,0.07019368
18.560000,0,RR_2,-0.35224664,-0.33484590,0.07041159
18.580000,0,RR_2,-0.34895372,-0.33118376,0.07071637
18.600000,0,RR_2,-0.34571117,-0.32721329,0.07109807
18.620000,0,RR_2,-0.34275478,-0.32347032,0.07153980
18.640000,0,RR_2,-0.33972716,-0.31968638,0.07209078
18.660000,0,RR_2,-0.33721858,-0.31535399,0.07265475
18.680000,0,RR_2,-0.33470699,-0.31133783,0.07331916
18.700000,0,RR_2,-0.33237645,-0.30721304,0.07405813
18.720000,0,RR_2,-0.33043137,-0.30320886,0.07481305
18.740000,0,RR_2,-0.32897332,-0.29901183,0.07559326
18.760000,0,RR_2,-0.32769707,-0.29568422,0.07631169
18.780000,0,RR_2,-0.32691646,-0.29233247,0.07700292
18.800000,0,RR_2,-0.32636380,-0.28827828,0.07785491
18.820000,0,RR_2,-0.32540163,-0.28581792,0.07854393
18.840000,0,RR_2,-0.32490757,-0.28351951,0.07914254
18.860000,0,RR_2,-0.32469037,-0.28024352,0.07995943
18.880000,0,RR_2,-0.32429358,-0.27602291,0.08113700
18.900000,0,RR_2,-0.32316828,-0.27359316,0.08203442
18.920000,0,RR_2,-0.32256150,-0.27140433,0.08279841
18.940000,0,RR_2,-0.32234901,-0.26827243,0.08382436
18.960000,0,RR_2,-0.32204917,-0.26423922,0.08524799
18.980000,0,RR_2,-0.32152396,-0.26072189,0.08662658
19.000000,0,RR_2,-0.32141548,-0.25721171,0.08801516
19.020000,0,RR_2,-0.32195443,-0.25382221,0.08933402
19.040000,0,RR_2,-0.32226419,-0.25089237,0.09057216
19.060000,0,RR_2,-0.32326651,-0.24742900,0.09202660
19.080000,0,RR_2,-0.32364076,-0.24621372,0.09255860
19.100000,0,RR_2,-0.32436526,-0.24519217,0.09295598
19.120000,0,RR_2,-0.32624635,-0.24295838,0.09382519
19.140000,0,RR_2,-0.32737881,-0.24035886,0.09505223
19.160000,0,RR_2,-0.32852247,-0.23758902,0.09644334
19.180000,0,RR_2,-0.32949573,-0.23613925,0.09715792
19.200000,0,RR_2,-0.33084083,-0.23455729,0.09793416
19.220000,0,RR_2,-0.33274275,-0.23211817,0.09921524
19.240000,0,RR_2,-0.33364868,-0.23148330,0.09951897
19.260000,0,RR_2,-0.33517319,-0.23065296,0.09989399
19.280000,0,RR_2,-0.33726680,-0.22881758,0.10089389
19.300000,0,RR_2,-0.33858156,-0.22757496,0.10161151
19.320000,0,RR_2,-0.34032854,-0.22581165,0.10268236
19.340000,0,RR_2,-0.34184000,-0.22523403,0.10297169
19.360000,0,RR_2,-0.34341258,-0.22445726,0.10341093
19.380000,0,RR_2,-0.34552515,-0.22252738,0.10468309
19.400000,0,RR_2,-0.34701136,-0.22215976,0.10486540
19.420000,0,RR_2,-0.34885862,-0.22160313,0.10517833
19.440000,0,RR_2,-0.35104734,-0.21998399,0.10631689
19.460000,0,RR_2,-0.35270733,-0.21974333,0.10642557
19.480000,0,RR_2,-0.35468745,-0.21927212,0.10671125
19.500000,0,RR_2,-0.35675439,-0.21842821,0.10731025
19.520000,0,RR_2,-0.35875726,-0.21793966,0.10763748
19.540000,0,RR_2,-0.36079973,-0.21786809,0.10762551
19.560000,0,RR_2,-0.36290258,-0.21807393,0.10738330
19.580000,0,RR_2,-0.36514303,-0.21840575,0.10703392
19.600000,0,RR_2,-0.36747697,-0.21881433,0.10662045
19.620000,0,RR_2,-0.36993274,-0.21923521,0.10619621
19.640000,0,RR_2,-0.37245226,-0.21966971,0.10576221
19.660000,0,RR_2,-0.37506649,-0.22008130,0.10534874
19.680000,0,RR_2,-0.37771064,-0.22049084,0.10494004
19.700000,0,RR_2,-0.38042253,-0.22086444,0.10456410
19.720000,0,RR_2,-0.38310668,-0.22123569,0.10419458
19.740000,0,RR_2,-0.38582572,-0.22155462,0.10387248
19.760000,0,RR_2,-0.38848153,-0.22187035,0.10355814
19.780000,0,RR_2,-0.39116850,-0.22212400,0.10329917
19.800000,0,RR_2,-0.39378011,-0.22238433,0.10303984
19.820000,0,RR_2,-0.39643624,-0.22257741,0.10283979
19.840000,0,RR_2,-0.39901555,-0.22278909,0.10262902
19.860000,0,RR_2,-0.40166193,-0.22292723,0.10248258
19.880000,0,RR_2,-0.40423414,-0.22309677,0.10231446
19.900000,0,RR_2,-0.40698197,-0.22373670,0.10175599
19.920000,0,RR_2,-0.40975118,-0.22390701,0.10159360
19.940000,0,RR_2,-0.41237104,-0.22482817,0.10081746
19.960000,0,RR_2,-0.41548783,-0.22505584,0.10061628
19.980000,0,RR_2,-0.41796684,-0.22627138,0.09962408
20.000000,0,RR_2,-0.42080373,-0.22686057,0.09914893
20.020000,0,RR_2,-0.42406827,-0.22813953,0.09814389
20.040000,0,RR_2,-0.42712423,-0.22890912,0.09755641
20.060000,0,RR_2,-0.43007034,-0.23003751,0.09671192
20.080000,0,RR_2,-0.43342677,-0.23153313,0.09562428
20.100000,0,RR_2,-0.43644819,-0.23246172,0.09498002
20.120000,0,RR_2,-0.43954083,-0.23369846,0.09413885
20.140000,0,RR_2,-0.44286513,-0.23527992,0.09309427
20.160000,0,RR_2,-0.44598839,-0.23636068,0.09242621
20.180000,0,RR_2,-0.44920662,-0.23788911,0.09149311
20.200000,0,RR_2,-0.45243132,-0.23913631,0.09078299
20.220000,0,RR_2,-0.45572597,-0.24084002,0.08982511
20.240000,0,RR_2,-0.45886692,-0.24193990,0.08927694
20.260000,0,RR_2,-0.46207529,-0.24336222,0.08857134
20.280000,0,RR_2,-0.46545595,-0.24528228,0.08763122
20.300000,0,RR_2,-0.46858209,-0.24649762,0.08712694
20.320000,0,RR_2,-0.47191891,-0.24797735,0.08652864
20.340000,0,RR_2,-0.47539732,-0.24998330,0.08571263
20.360000,0,RR_2,-0.47858572,-0.25138301,0.08524397
20.380000,0,RR_2,-0.48198843,-0.25304091,0.08471045
20.400000,0,RR_2,-0.48549476,-0.25499386,0.08410281
20.420000,0,RR_2,-0.48887494,-0.25675407,0.08363466
20.440000,0,RR_2,-0.49236879,-0.25877908,0.08312303
20.460000,0,RR_2,-0.49578315,-0.26054755,0.08277649
20.480000,0,RR_2,-0.49907303,-0.26288536,0.08224928
20.500000,0,RR_2,-0.50198996,-0.26497161,0.08184236
20.520000,0,RR_2,-0.50462604,-0.26748079,0.08130783
20.540000,0,RR_2,-0.50712121,-0.26997176,0.08083123
20.560000,0,RR_2,-0.50954729,-0.27257603,0.08037852
20.580000,0,RR_2,-0.51191193,-0.27504313,0.08002804
20.600000,0,RR_2,-0.51429749,-0.27766106,0.07970664
20.620000,0,RR_2,-0.51667267,-0.28012758,0.07949339
20.640000,0,RR_2,-0.51909721,-0.28276861,0.07931501
20.660000,0,RR_2,-0.52152318,-0.28525987,0.07924168
20.680000,0,RR_2,-0.52400017,-0.28793633,0.07921055
20.700000,0,RR_2,-0.52647537,-0.29046342,0.07928012
20.720000,0,RR_2,-0.52899444,-0.29317445,0.07940102
20.740000,0,RR_2,-0.53150868,-0.29574150,0.07961756
20.760000,0,RR_2,-0.53406250,-0.29848826,0.07989530
20.780000,0,RR_2,-0.53660899,-0.30109191,0.08026521
20.800000,0,RR_2,-0.53919458,-0.30387527,0.08070700
20.820000,0,RR_2,-0.54176867,-0.30650488,0.08123746
20.840000,0,RR_2,-0.54386532,-0.30974868,0.08168826
20.860000,0,RR_2,-0.54516095,-0.31296962,0.08199781
20.880000,0,RR_2,-0.54605424,-0.31631467,0.08226837
20.900000,0,RR_2,-0.54674053,-0.31935561,0.08254591
20.920000,0,RR_2,-0.54734445,-0.32247543,0.08286786
20.940000,0,RR_2,-0.54781026,-0.32537690,0.08319858
20.960000,0,RR_2,-0.54816294,-0.32839528,0.08356279
20.980000,0,RR_2,-0.54834783,-0.33123508,0.08391501
21.000000,0,RR_2,-0.54839391,-0.33419541,0.08429228
21.020000,0,RR_2,-0.54825974,-0.33698723,0.08464314
21.040000,0,RR_2,-0.54797411,-0.33989769,0.08501542
21.060000,0,RR_2,-0.54750139,-0.34263822,0.08534820
21.080000,0,RR_2,-0.54686731,-0.34548271,0.08569732
21.100000,0,RR_2,-0.54604399,-0.34816870,0.08599932
21.120000,0,RR_2,-0.54504848,-0.35092890,0.08630838
21.140000,0,RR_2,-0.54386258,-0.35355318,0.08656745
21.160000,0,RR_2,-0.54249477,-0.35621506,0.08682187
21.180000,0,RR_2,-0.54093766,-0.35875884,0.08702574
21.200000,0,RR_2,-0.53919357,-0.36130732,0.08721419
21.220000,0,RR_2,-0.53725988,-0.36375397,0.08735327
21.240000,0,RR_2,-0.53514659,-0.36617008,0.08746853
21.260000,0,RR_2,-0.53287673,-0.36847332,0.08753902
21.280000,0,RR_2,-0.53045702,-0.37071609,0.08758420
21.300000,0,RR_2,-0.52789474,-0.37284911,0.08758730
21.320000,0,RR_2,-0.52518564,-0.37490216,0.08755769
21.340000,0,RR_2,-0.52230096,-0.37670308,0.08741592
21.360000,0,RR_2,-0.51913482,-0.37813285,0.08707687
21.380000,0,RR_2,-0.51562560,-0.37924159,0.08654387
21.400000,0,RR_2,-0.51183325,-0.38010672,0.08587261
21.420000,0,RR_2,-0.50785828,-0.38081986,0.08513561
21.440000,0,RR_2,-0.50376827,-0.38147128,0.08439443
21.460000,0,RR_2,-0.49961641,-0.38210347,0.08368321
21.480000,0,RR_2,-0.49543539,-0.38273260,0.08301792
21.500000,0,RR_2,-0.49123114,-0.38336378,0.08240299
21.520000,0,RR_2,-0.48700148,-0.38398838,0.08183490
21.540000,0,RR_2,-0.48275277,-0.38458729,0.08130693
21.560000,0,RR_2,-0.47849685,-0.38514888,0.08081652
21.580000,0,RR_2,-0.47423851,-0.38567212,0.08036402
21.600000,0,RR_2,-0.46997947,-0.38615847,0.07994973
21.620000,0,RR_2,-0.46571717,-0.38660991,0.07957419
21.640000,0,RR_2,-0.46145654,-0.38702184,0.07923576
21.660000,0,RR_2,-0.45720252,-0.38739419,0.07893451
21.680000,0,RR_2,-0.45295668,-0.38772902,0.07867102
21.700000,0,RR_2,-0.44872090,-0.38802615,0.07844505
21.720000,0,RR_2,-0.44444034,-0.38795066,0.07810397
21.740000,0,RR_2,-0.43992144,-0.38722524,0.07752100
21.760000,0,RR_2,-0.43513003,-0.38611782,0.07683091
21.780000,0,RR_2,-0.43029529,-0.38475430,0.07611255
21.800000,0,RR_2,-0.42549175,-0.38324419,0.07541972
21.820000,0,RR_2,-0.42075211,-0.38159707,0.07475847
21.840000,0,RR_2,-0.41607779,-0.37981895,0.07413228
21.860000,0,RR_2,-0.41147104,-0.37790453,0.07354035
21.880000,0,RR_2,-0.40692696,-0.37585351,0.07298410
21.900000,0,RR_2,-0.40244481,-0.37366354,0.07246479
21.920000,0,RR_2,-0.39802119,-0.37133291,0.07198511
21.940000,0,RR_2,-0.39365831,-0.36886245,0.07154773
21.960000,0,RR_2,-0.38935548,-0.36625051,0.07115561
21.980000,0,RR_2,-0.38511631,-0.36350062,0.07081302
22.000000,0,RR_2,-0.38094234,-0.36060998,0.07052241
22.020000,0,RR_2,-0.37684047,-0.35758558,0.07028894
22.040000,0,RR_2,-0.37281099,-0.35442391,0.07011531
22.060000,0,RR_2,-0.36886290,-0.35113671,0.07000701
22.080000,0,RR_2,-0.36499879,-0.34772232,0.06996671
22.100000,0,RR_2,-0.36123317,-0.34420601,0.06999985
22.120000,0,RR_2,-0.35757378,-0.34057179,0.07010609
22.140000,0,RR_2,-0.35404608,-0.33687592,0.07028962
22.160000,0,RR_2,-0.35063967,-0.33305454,0.07054775
22.180000,0,RR_2,-0.34738910,-0.32925159,0.07088608
22.200000,0,RR_2,-0.34425551,-0.32522738,0.07129992
22.220000,0,RR_2,-0.34131053,-0.32147530,0.07178970
22.240000,0,RR_2,-0.33844921,-0.31748086,0.07236313
22.260000,0,RR_2,-0.33586937,-0.31353471,0.07298413
22.280000,0,RR_2,-0.33354667,-0.30936778,0.07366826
22.300000,0,RR_2,-0.33135587,-0.30557382,0.07439995
22.320000,0,RR_2,-0.32974052,-0.30154499,0.07513197
22.340000,0,RR_2,-0.32845995,-0.29752326,0.07589493
22.360000,0,RR_2,-0.32742977,-0.29357484,0.07669447
22.380000,0,RR_2,-0.32649007,-0.29014456,0.07747519
22.400000,0,RR_2,-0.32582447,-0.28646964,0.07832518
22.420000,0,RR_2,-0.32502392,-0.28358012,0.07910629
22.440000,0,RR_2,-0.32451755,-0.28053236,0.07992143
22.460000,0,RR_2,-0.32411119,-0.27665883,0.08099769
22.480000,0,RR_2,-0.32313344,-0.27454880,0.08176669
22.500000,0,RR_2,-0.32269862,-0.27261049,0.08241048
22.520000,0,RR_2,-0.32261306,-0.26963741,0.08333758
22.540000,0,RR_2,-0.32237276,-0.26567447,0.08468973
22.560000,0,RR_2,-0.32154557,-0.26237252,0.08600899
22.580000,0,RR_2,-0.32127926,-0.25892708,0.08735832
22.600000,0,RR_2,-0.32178593,-0.25511840,0.08881273
22.620000,0,RR_2,-0.32168540,-0.25368953,0.08943512
22.640000,0,RR_2,-0.32222342,-0.25249422,0.08986611
22.660000,0,RR_2,-0.32388303,-0.25017917,0.09064247
22.680000,0,RR_2,-0.32485083,-0.24725160,0.09187432
22.700000,0,RR_2,-0.32598040,-0.24330808,0.09368109
22.720000,0,RR_2,-0.32666004,-0.24153665,0.09451567
22.740000,0,RR_2,-0.32735205,-0.24029730,0.09508914
22.760000,0,RR_2,-0.32898241,-0.23794498,0.09618443
22.780000,0,RR_2,-0.33039102,-0.23589729,0.09719297
22.800000,0,RR_2,-0.33180201,-0.23347665,0.09847889
22.820000,0,RR_2,-0.33307829,-0.23261052,0.09887326
22.840000,0,RR_2,-0.33422628,-0.23192687,0.09917992
22.860000,0,RR_2,-0.33598137,-0.22991410,0.10029323
22.880000,0,RR_2,-0.33774704,-0.22842124,0.10111459
22.900000,0,RR_2,-0.33922383,-0.22678930,0.10209392
22.920000,0,RR_2,-0.34101290,-0.22470875,0.10340828
22.940000,0,RR_2,-0.34231213,-0.22452326,0.10344353
22.960000,0,RR_2,-0.34412596,-0.22416848,0.10356909
22.980000,0,RR_2,-0.34637749,-0.22266993,0.10452211
23.000000,0,RR_2,-0.34795982,-0.22223988,0.10474734
23.020000,0,RR_2,-0.34990531,-0.22142641,0.10525475
23.040000,0,RR_2,-0.35204357,-0.21964853,0.10653288
23.060000,0,RR_2,-0.35373646,-0.21928020,0.10674749
23.080000,0,RR_2,-0.35566470,-0.21877974,0.10706766
23.100000,0,RR_2,-0.35771441,-0.21811289,0.10753253
23.120000,0,RR_2,-0.35969242,-0.21787444,0.10765849
23.140000,0,RR_2,-0.36180288,-0.21793579,0.10753512
23.160000,0,RR_2,-0.36393994,-0.21823375,0.10721602
23.180000,0,RR_2,-0.36626482,-0.21858916,0.10684568
23.200000,0,RR_2,-0.36862567,-0.21902642,0.10640876
23.220000,0,RR_2,-0.37115142,-0.21943530,0.10599425
23.240000,0,RR_2,-0.37367952,-0.21988089,0.10555253
23.260000,0,RR_2,-0.37635460,-0.22026782,0.10516001
23.280000,0,RR_2,-0.37898251,-0.22068822,0.10474455
23.300000,0,RR_2,-0.38174328,-0.22102830,0.10439757
23.320000,0,RR_2,-0.38437870,-0.22141340,0.10401957
23.340000,0,RR_2,-0.38714173,-0.22168638,0.10373680
23.360000,0,RR_2,-0.38973132,-0.22202259,0.10340854
23.380000,0,RR_2,-0.39247063,-0.22222263,0.10319553
23.400000,0,RR_2,-0.39500663,-0.22251365,0.10291339
23.420000,0,RR_2,-0.39772949,-0.22264525,0.10276574
23.440000,0,RR_2,-0.40022689,-0.22289947,0.10252209
23.460000,0,RR_2,-0.40295961,-0.22296615,0.10243650
23.480000,0,RR_2,-0.40548855,-0.22352067,0.10194881
23.500000,0,RR_2,-0.40836790,-0.22354528,0.10190448
23.520000,0,RR_2,-0.41086203,-0.22469525,0.10093553
23.540000,0,RR_2,-0.41373467,-0.22458230,0.10101224
23.560000,0,RR_2,-0.41625968,-0.22527505,0.10043454
23.580000,0,RR_2,-0.41963887,-0.22686805,0.09914431
23.600000,0,RR_2,-0.42260620,-0.22759229,0.09857046
23.620000,0,RR_2,-0.42526129,-0.22839533,0.09794728
23.640000,0,RR_2,-0.42884162,-0.23008634,0.09666792
23.660000,0,RR_2,-0.43180189,-0.23089029,0.09608544
23.680000,0,RR_2,-0.43437701,-0.23168290,0.09552369
23.700000,0,RR_2,-0.43806413,-0.23326243,0.09442641
23.720000,0,RR_2,-0.44095904,-0.23412076,0.09386472
23.740000,0,RR_2,-0.44336191,-0.23491727,0.09335462
23.760000,0,RR_2,-0.44700781,-0.23640858,0.09241875
23.780000,0,RR_2,-0.45036513,-0.23823187,0.09130259
23.800000,0,RR_2,-0.45365456,-0.23967439,0.09048131
23.820000,0,RR_2,-0.45712909,-0.24150123,0.08947222
23.840000,0,RR_2,-0.46027508,-0.24255741,0.08896628
23.860000,0,RR_2,-0.46349525,-0.24387679,0.08833909
23.880000,0,RR_2,-0.46701184,-0.24609496,0.08725917
23.900000,0,RR_2,-0.46999657,-0.24692796,0.08697601
23.920000,0,RR_2,-0.47308740,-0.24766593,0.08677559
23.940000,0,RR_2,-0.47658369,-0.24974053,0.08592727
23.960000,0,RR_2,-0.47996092,-0.25186875,0.08511351
23.980000,0,RR_2,-0.48346260,-0.25381312,0.08447027
24.000000,0,RR_2,-0.48701033,-0.25565803,0.08394314
24.020000,0,RR_2,-0.49052137,-0.25765240,0.08340954
24.040000,0,RR_2,-0.49396235,-0.25951076,0.08299336
24.060000,0,RR_2,-0.49736369,-0.26167804,0.08251041
24.080000,0,RR_2,-0.50047791,-0.26378241,0.08208677
24.100000,0,RR_2,-0.50333112,-0.26631641,0.08153664
24.120000,0,RR_2,-0.50588959,-0.26863146,0.08109541
24.140000,0,RR_2,-0.50836313,-0.27133653,0.08058020
24.160000,0,RR_2,-0.51070356,-0.27367169,0.08023205
24.180000,0,RR_2,-0.51306593,-0.27636132,0.07984910
24.200000,0,RR_2,-0.51541251,-0.27876568,0.07961234
24.220000,0,RR_2,-0.51783681,-0.28148007,0.07937825
24.240000,0,RR_2,-0.52023929,-0.28388032,0.07928570
24.260000,0,RR_2,-0.52271849,-0.28662828,0.07920169
24.280000,0,RR_2,-0.52517313,-0.28906459,0.07924759
24.300000,0,RR_2,-0.52769548,-0.29184639,0.07931761
24.320000,0,RR_2,-0.53019017,-0.29432464,0.07950521
24.340000,0,RR_2,-0.53274703,-0.29714066,0.07973386
24.360000,0,RR_2,-0.53527445,-0.29965714,0.08006948
24.380000,0,RR_2,-0.53786284,-0.30250996,0.08046336
24.400000,0,RR_2,-0.54042083,-0.30505908,0.08095458
24.420000,0,RR_2,-0.54284078,-0.30809724,0.08145900
24.440000,0,RR_2,-0.54453957,-0.31123260,0.08184341
24.460000,0,RR_2,-0.54563266,-0.31464127,0.08213045
24.480000,0,RR_2,-0.54639304,-0.31773648,0.08239532
24.500000,0,RR_2,-0.54705203,-0.32091159,0.08270111
24.520000,0,RR_2,-0.54757702,-0.32382846,0.08301964
24.540000,0,RR_2,-0.54800344,-0.32687545,0.08337729
24.560000,0,RR_2,-0.54826498,-0.32972077,0.08372544
24.580000,0,RR_2,-0.54839480,-0.33270240,0.08410259
24.600000,0,RR_2,-0.54834485,-0.33549893,0.08445419
24.620000,0,RR_2,-0.54814804,-0.33843014,0.08483072
24.640000,0,RR_2,-0.54776406,-0.34117639,0.08516801
24.660000,0,RR_2,-0.54722303,-0.34404737,0.08552667
24.680000,0,RR_2,-0.54649109,-0.34674096,0.08583605
24.700000,0,RR_2,-0.54559135,-0.34953064,0.08615860
24.720000,0,RR_2,-0.54450029,-0.35216692,0.08642870
24.740000,0,RR_2,-0.54323000,-0.35486096,0.08669990
24.760000,0,RR_2,-0.54176927,-0.35742453,0.08691820
24.780000,0,RR_2,-0.54012311,-0.36000556,0.08712511
24.800000,0,RR_2,-0.53828776,-0.36247772,0.08728150
24.820000,0,RR_2,-0.53626543,-0.36493453,0.08741643
24.840000,0,RR_2,-0.53407592,-0.36727870,0.08750399
24.860000,0,RR_2,-0.53173178,-0.36956859,0.08756714
24.880000,0,RR_2,-0.52924466,-0.37174720,0.08758835
24.900000,0,RR_2,-0.52661014,-0.37385228,0.08757956
24.920000,0,RR_2,-0.52383304,-0.37583464,0.08752193
24.940000,0,RR_2,-0.52083921,-0.37746170,0.08729562
24.960000,0,RR_2,-0.51751065,-0.37872145,0.08685695
24.980000,0,RR_2,-0.51384687,-0.37969714,0.08624453
25.000000,0,RR_2,-0.50994879,-0.38046944,0.08552742
25.020000,0,RR_2,-0.50590467,-0.38113964,0.08477867
25.040000,0,RR_2,-0.50177568,-0.38177538,0.08404659
25.060000,0,RR_2,-0.49760559,-0.38240367,0.08335540
25.080000,0,RR_2,-0.49341473,-0.38303304,0.08271447
25.100000,0,RR_2,-0.48919916,-0.38366422,0.08212334
25.120000,0,RR_2,-0.48496139,-0.38427874,0.08157574
25.140000,0,RR_2,-0.48070911,-0.38486156,0.08106653
25.160000,0,RR_2,-0.47645193,-0.38540491,0.08059442
25.180000,0,RR_2,-0.47219375,-0.38591015,0.08016025
25.200000,0,RR_2,-0.46793309,-0.38637990,0.07976466
25.220000,0,RR_2,-0.46366999,-0.38681349,0.07940729
25.240000,0,RR_2,-0.45941162,-0.38720623,0.07908653
25.260000,0,RR_2,-0.45516083,-0.38756049,0.07880351
25.280000,0,RR_2,-0.45092008,-0.38787657,0.07855788
25.300000,0,RR_2,-0.44668955,-0.38815632,0.07835001
25.320000,0,RR_2,-0.44235036,-0.38765782,0.07784490
25.340000,0,RR_2,-0.43762484,-0.38674664,0.07720275
25.360000,0,RR_2,-0.43280977,-0.38547739,0.07648149
25.380000,0,RR_2,-0.42797792,-0.38404742,0.07577647
25.400000,0,RR_2,-0.42320761,-0.38246799,0.07509726
25.420000,0,RR_2,-0.41849759,-0.38075960,0.07445353
25.440000,0,RR_2,-0.41385689,-0.37891632,0.07384364
25.460000,0,RR_2,-0.40927964,-0.37693584,0.07326844
25.480000,0,RR_2,-0.40476599,-0.37481943,0.07273003
25.500000,0,RR_2,-0.40031186,-0.37256050,0.07222905
25.520000,0,RR_2,-0.39591807,-0.37016416,0.07176969
25.540000,0,RR_2,-0.39158291,-0.36762431,0.07135335
25.560000,0,RR_2,-0.38731128,-0.36494809,0.07098494
25.580000,0,RR_2,-0.38310224,-0.36212748,0.07066625
25.600000,0,RR_2,-0.37896365,-0.35917616,0.07040334
25.620000,0,RR_2,-0.37489414,-0.35608038,0.07019728
25.640000,0,RR_2,-0.37090537,-0.35286513,0.07005566
25.660000,0,RR_2,-0.36699268,-0.34950447,0.06997798
25.680000,0,RR_2,-0.36318064,-0.34605709,0.06997448
25.700000,0,RR_2,-0.35945523,-0.34245396,0.07003994
25.720000,0,RR_2,-0.35587186,-0.33883736,0.07018656
25.740000,0,RR_2,-0.35238022,-0.33499488,0.07040147
25.760000,0,RR_2,-0.34908119,-0.33133382,0.07070334
25.780000,0,RR_2,-0.34583426,-0.32735941,0.07108154
25.800000,0,RR_2,-0.34287041,-0.32362756,0.07152096
25.820000,0,RR_2,-0.33983815,-0.31985945,0.07206857
25.840000,0,RR_2,-0.33732215,-0.31550470,0.07262991
25.860000,0,RR_2,-0.33478117,-0.31152996,0.07329405
25.880000,0,RR_2,-0.33247116,-0.30729985,0.07403248
25.900000,0,RR_2,-0.33047289,-0.30351162,0.07477352
25.920000,0,RR_2,-0.32904935,-0.29954624,0.07550981
25.940000,0,RR_2,-0.32791263,-0.29568455,0.07626876
25.960000,0,RR_2,-0.32702985,-0.29166016,0.07709675
25.980000,0,RR_2,-0.32603419,-0.28884807,0.07780888
26.000000,0,RR_2,-0.32548538,-0.28605458,0.07847780
26.020000,0,RR_2,-0.32514584,-0.28240299,0.07935306
26.040000,0,RR_2,-0.32446003,-0.27913323,0.08028194
26.060000,0,RR_2,-0.32384759,-0.27559787,0.08133796
26.080000,0,RR_2,-0.32310125,-0.27226707,0.08243782
26.100000,0,RR_2,-0.32250169,-0.26860419,0.08368877
26.120000,0,RR_2,-0.32162306,-0.26611000,0.08467611
26.140000,0,RR_2,-0.32121426,-0.26358920,0.08562823
26.160000,0,RR_2,-0.32124573,-0.26019824,0.08687385
26.180000,0,RR_2,-0.32139516,-0.25680223,0.08818425
26.200000,0,RR_2,-0.32173926,-0.25321424,0.08963119
26.220000,0,RR_2,-0.32204229,-0.25166598,0.09026122
26.240000,0,RR_2,-0.32235160,-0.25066233,0.09066226
26.260000,0,RR_2,-0.32361883,-0.24828032,0.09156770
26.280000,0,RR_2,-0.32513425,-0.24512418,0.09287842
26.300000,0,RR_2,-0.32596630,-0.24329586,0.09368940
26.320000,0,RR_2,-0.32698238,-0.24149519,0.09449426
26.340000,0,RR_2,-0.32882583,-0.23877816,0.09573583
26.360000,0,RR_2,-0.32955727,-0.23773780,0.09623095
26.380000,0,RR_2,-0.33100688,-0.23637666,0.09684042
26.400000,0,RR_2,-0.33287507,-0.23419097,0.09792663
26.420000,0,RR_2,-0.33425567,-0.23165458,0.09934846
26.440000,0,RR_2,-0.33552116,-0.23020603,0.10014810
26.460000,0,RR_2,-0.33678544,-0.22885594,0.10091253
26.480000,0,RR_2,-0.33865371,-0.22651951,0.10232756
26.500000,0,RR_2,-0.33990803,-0.22594090,0.10262570
26.520000,0,RR_2,-0.34150749,-0.22529344,0.10295492
26.540000,0,RR_2,-0.34375650,-0.22355375,0.10404283
26.560000,0,RR_2,-0.34506267,-0.22335435,0.10410018
26.580000,0,RR_2,-0.34701341,-0.22276257,0.10441288
26.600000,0,RR_2,-0.34910887,-0.22119434,0.10547777
26.620000,0,RR_2,-0.35078844,-0.22090106,0.10561275
26.640000,0,RR_2,-0.35265586,-0.22044645,0.10587224
26.660000,0,RR_2,-0.35485935,-0.21908312,0.10685612
26.680000,0,RR_2,-0.35661840,-0.21914540,0.10673080
26.700000,0,RR_2,-0.35881007,-0.21885449,0.10688016
26.720000,0,RR_2,-0.36082298,-0.21849139,0.10710538
26.740000,0,RR_2,-0.36308306,-0.21835454,0.10714240
26.760000,0,RR_2,-0.36519852,-0.21858831,0.10687908
26.780000,0,RR_2,-0.36759326,-0.21885347,0.10658412
26.800000,0,RR_2,-0.36989343,-0.21928833,0.10615265
26.820000,0,RR_2,-0.37248856,-0.21963623,0.10578932
26.840000,0,RR_2,-0.37494603,-0.22010534,0.10533160
26.860000,0,RR_2,-0.37771946,-0.22043186,0.10498936
26.880000,0,RR_2,-0.38024160,-0.22089924,0.10453894
26.900000,0,RR_2,-0.38302931,-0.22117247,0.10424928
26.920000,0,RR_2,-0.38563108,-0.22156867,0.10386451
26.940000,0,RR_2,-0.38844228,-0.22180490,0.10361370
26.960000,0,RR_2,-0.39097083,-0.22216551,0.10326770
26.980000,0,RR_2,-0.39374486,-0.22231825,0.10309564
27.000000,0,RR_2,-0.39623213,-0.22262825,0.10280003
27.020000,0,RR_2,-0.39895555,-0.22272424,0.10268403
27.040000,0,RR_2,-0.40146112,-0.22297195,0.10244731
27.060000,0,RR_2,-0.40420949,-0.22302696,0.10237320
27.080000,0,RR_2,-0.40679303,-0.22394732,0.10158290
27.100000,0,RR_2,-0.40982091,-0.22397538,0.10153639
27.120000,0,RR_2,-0.41215551,-0.22503325,0.10065094
27.140000,0,RR_2,-0.41475970,-0.22499494,0.10066903
27.160000,0,RR_2,-0.41778746,-0.22560632,0.10016079
27.180000,0,RR_2,-0.42103392,-0.22750890,0.09863624
27.200000,0,RR_2,-0.42418826,-0.22800726,0.09824707
27.220000,0,RR_2,-0.42678651,-0.22890487,0.09755839
27.240000,0,RR_2,-0.43022892,-0.23055296,0.09632576
27.260000,0,RR_2,-0.43325898,-0.23125479,0.09582795
27.280000,0,RR_2,-0.43601137,-0.23201512,0.09529901
27.300000,0,RR_2,-0.43947268,-0.23375735,0.09409609
27.320000,0,RR_2,-0.44247919,-0.23452252,0.09361142
27.340000,0,RR_2,-0.44533750,-0.23532479,0.09311600
27.360000,0,RR_2,-0.44871509,-0.23721094,0.09192701
27.380000,0,RR_2,-0.45192850,-0.23849909,0.09117731
27.400000,0,RR_2,-0.45512336,-0.23998933,0.09033474
27.420000,0,RR_2,-0.45859790,-0.24200356,0.08922676
27.440000,0,RR_2,-0.46172953,-0.24306306,0.08873187
27.460000,0,RR_2,-0.46492124,-0.24429002,0.08817272
27.480000,0,RR_2,-0.46846956,-0.24659505,0.08706602
27.500000,0,RR_2,-0.47148508,-0.24756633,0.08672239
27.520000,0,RR_2,-0.47459364,-0.24837451,0.08649995
27.540000,0,RR_2,-0.47812355,-0.25047565,0.08566730
27.560000,0,RR_2,-0.48156545,-0.25266430,0.08485720
27.580000,0,RR_2,-0.48507687,-0.25460625,0.08424433
27.600000,0,RR_2,-0.48865515,-0.25654563,0.08370566
27.620000,0,RR_2,-0.49214920,-0.25849015,0.08322278
27.640000,0,RR_2,-0.49562374,-0.26049733,0.08277795
27.660000,0,RR_2,-0.49891827,-0.26263115,0.08232887
27.680000,0,RR_2,-0.50190330,-0.26497671,0.08182871
27.700000,0,RR_2,-0.50459379,-0.26740289,0.08133046
27.720000,0,RR_2,-0.50709838,-0.26993588,0.08083960
27.740000,0,RR_2,-0.50949109,-0.27244246,0.08041083
27.760000,0,RR_2,-0.51185471,-0.27500856,0.08002844
27.780000,0,RR_2,-0.51420885,-0.27751806,0.07972975
27.800000,0,RR_2,-0.51659286,-0.28009406,0.07948710
27.820000,0,RR_2,-0.51899439,-0.28261653,0.07933038
27.840000,0,RR_2,-0.52143484,-0.28522098,0.07923213
27.860000,0,RR_2,-0.52389330,-0.28777918,0.07921845
27.880000,0,RR_2,-0.52638459,-0.29041925,0.07926805
27.900000,0,RR_2,-0.52888691,-0.29301479,0.07940106
27.920000,0,RR_2,-0.53141677,-0.29569349,0.07960211
27.940000,0,RR_2,-0.53395402,-0.29832721,0.07988704
27.960000,0,RR_2,-0.53651625,-0.30104232,0.08024609
27.980000,0,RR_2,-0.53908515,-0.30371249,0.08069001
28.000000,0,RR_2,-0.54167426,-0.30645353,0.08121416
28.020000,0,RR_2,-0.54377294,-0.30957484,0.08166751
28.040000,0,RR_2,-0.54512256,-0.31288272,0.08198742
28.060000,0,RR_2,-0.54601896,-0.31614220,0.08225560
28.080000,0,RR_2,-0.54672396,-0.31927353,0.08253818
28.100000,0,RR_2,-0.54732001,-0.32231688,0.08285183
28.120000,0,RR_2,-0.54780072,-0.32529673,0.08318974
28.140000,0,RR_2,-0.54814911,-0.32824352,0.08354422
28.160000,0,RR_2,-0.54834878,-0.33115599,0.08390646
28.180000,0,RR_2,-0.54839218,-0.33404729,0.08427222
28.200000,0,RR_2,-0.54827249,-0.33690900,0.08463570
28.220000,0,RR_2,-0.54798609,-0.33975181,0.08499451
28.240000,0,RR_2,-0.54752725,-0.34256208,0.08534253
28.260000,0,RR_2,-0.54689354,-0.34534508,0.08567759
28.280000,0,RR_2,-0.54608184,-0.34808975,0.08599435
28.300000,0,RR_2,-0.54508996,-0.35080081,0.08629131
28.320000,0,RR_2,-0.54391372,-0.35347092,0.08656351
28.340000,0,RR_2,-0.54255134,-0.35609794,0.08680845
28.360000,0,RR_2,-0.54100221,-0.35867393,0.08702250
28.380000,0,RR_2,-0.53926492,-0.36119935,0.08720450
28.400000,0,RR_2,-0.53733867,-0.36366761,0.08735120
28.420000,0,RR_2,-0.53523326,-0.36607063,0.08746287
28.440000,0,RR_2,-0.53296745,-0.36839145,0.08753896
28.460000,0,RR_2,-0.53055441,-0.37062591,0.08758131
28.480000,0,RR_2,-0.52799636,-0.37277210,0.08758928
28.500000,0,RR_2,-0.52529436,-0.37482089,0.08755849
28.520000,0,RR_2,-0.52241361,-0.37662846,0.08741888
28.540000,0,RR_2,-0.51925713,-0.37807438,0.08708787
28.560000,0,RR_2,-0.51576346,-0.37919548,0.08656301
28.580000,0,RR_2,-0.51198328,-0.38007185,0.08589798
28.600000,0,RR_2,-0.50801557,-0.38079208,0.08516404
28.620000,0,RR_2,-0.50393057,-0.38144654,0.08442333
28.640000,0,RR_2,-0.49978065,-0.38208014,0.08371101
28.660000,0,RR_2,-0.49559942,-0.38270959,0.08304380
28.680000,0,RR_2,-0.49139619,-0.38333979,0.08242649
28.700000,0,RR_2,-0.48716721,-0.38396463,0.08185634
28.720000,0,RR_2,-0.48291880,-0.38456467,0.08132690
28.740000,0,RR_2,-0.47866261,-0.38512743,0.08083488
28.760000,0,RR_2,-0.47440508,-0.38565156,0.08038069
28.780000,0,RR_2,-0.47014689,-0.38613918,0.07996491
28.800000,0,RR_2,-0.46588442,-0.38659254,0.07958803
28.820000,0,RR_2,-0.46162319,-0.38700652,0.07924825
28.840000,0,RR_2,-0.45736855,-0.38738051,0.07894558
28.860000,0,RR_2,-0.45312324,-0.38771594,0.07868044
28.880000,0,RR_2,-0.44888723,-0.38801494,0.07845317
28.900000,0,RR_2,-0.44461146,-0.38797295,0.07812519
28.920000,0,RR_2,-0.44010800,-0.38726175,0.07754667
28.940000,0,RR_2,-0.43531859,-0.38616788,0.07685933
28.960000,0,RR_2,-0.43048471,-0.38480976,0.07614003
28.980000,0,RR_2,-0.42567852,-0.38330612,0.07544631
29.000000,0,RR_2,-0.42093703,-0.38166323,0.07478358
29.020000,0,RR_2,-0.41625977,-0.37989080,0.07415617
29.040000,0,RR_2,-0.41165024,-0.37798241,0.07356292
29.060000,0,RR_2,-0.40710387,-0.37593603,0.07300498
29.080000,0,RR_2,-0.40261900,-0.37375209,0.07248452
29.100000,0,RR_2,-0.39819348,-0.37142652,0.07200307
29.120000,0,RR_2,-0.39382833,-0.36896187,0.07156412
29.140000,0,RR_2,-0.38952291,-0.36635512,0.07117010
29.160000,0,RR_2,-0.38528141,-0.36361134,0.07082544
29.180000,0,RR_2,-0.38110483,-0.36072564,0.07053277
29.200000,0,RR_2,-0.37700000,-0.35770723,0.07029702
29.220000,0,RR_2,-0.37296730,-0.35454965,0.07012082
29.240000,0,RR_2,-0.36901635,-0.35126919,0.07001009
29.260000,0,RR_2,-0.36514771,-0.34785652,0.06996674
29.280000,0,RR_2,-0.36137953,-0.34434870,0.06999762
29.300000,0,RR_2,-0.35771394,-0.34071106,0.07010008
29.320000,0,RR_2,-0.35418385,-0.33703095,0.07028142
29.340000,0,RR_2,-0.35076749,-0.33319059,0.07053567
29.360000,0,RR_2,-0.34751853,-0.32942918,0.07087187
29.380000,0,RR_2,-0.34436962,-0.32533252,0.07128192
29.400000,0,RR_2,-0.34143543,-0.32172558,0.07176746
29.420000,0,RR_2,-0.33852446,-0.31809983,0.07233775
29.440000,0,RR_2,-0.33603844,-0.31349102,0.07295316
29.460000,0,RR_2,-0.33347279,-0.30996490,0.07364368
29.480000,0,RR_2,-0.33144793,-0.30643961,0.07430626
29.500000,0,RR_2,-0.32999706,-0.30210620,0.07501779
29.520000,0,RR_2,-0.32865730,-0.29814017,0.07577128
29.540000,0,RR_2,-0.32762930,-0.29406759,0.07657536
29.560000,0,RR_2,-0.32660761,-0.29073301,0.07734469
29.580000,0,RR_2,-0.32592106,-0.28730550,0.07813510
29.600000,0,RR_2,-0.32534426,-0.28334680,0.07909732
29.620000,0,RR_2,-0.32439443,-0.28081959,0.07987493
29.640000,0,RR_2,-0.32389584,-0.27835664,0.08058883
29.660000,0,RR_2,-0.32365206,-0.27496493,0.08155159
29.680000,0,RR_2,-0.32323176,-0.27078494,0.08286478
29.700000,0,RR_2,-0.32209513,-0.26862028,0.08375799
29.720000,0,RR_2,-0.32158673,-0.26674035,0.08446996
29.740000,0,RR_2,-0.32152542,-0.26387751,0.08546973
29.760000,0,RR_2,-0.32165235,-0.26001927,0.08687134
29.780000,0,RR_2,-0.32186896,-0.25653034,0.08821493
29.800000,0,RR_2,-0.32210708,-0.25315782,0.08959553
29.820000,0,RR_2,-0.32290849,-0.25008509,0.09083731
29.840000,0,RR_2,-0.32340562,-0.24720737,0.09211184
29.860000,0,RR_2,-0.32426557,-0.24467003,0.09323189
29.880000,0,RR_2,-0.32514781,-0.24223080,0.09435704
29.900000,0,RR_2,-0.32647046,-0.24013004,0.09529668
29.920000,0,RR_2,-0.32739344,-0.23807986,0.09630848
29.940000,0,RR_2,-0.32861328,-0.23570782,0.09751563
29.960000,0,RR_2,-0.32976466,-0.23465525,0.09799989
29.980000,0,RR_2,-0.33118862,-0.23343977,0.09856945
30.000000,0,RR_2,-0.33326316,-0.23118885,0.09974503
30.020000,0,RR_2,-0.33421186,-0.23068924,0.09996659
